Time elapsed,Signal,Attention,Meditation,EEG delta, EEG theta,EEG low alpha,EEG high alpha,EEG low beta,EEG high beta,EEG low gamma,EEG mid gamma,Raw,Blink strength
0.0469971,0,60,50,771078,309921,97613,18129,96453,32026,19878,5652,162|180|170|160|164|179|185|182|184|204|221|215|204|210|217|215|216|230|230|217,0
0.0999908,0,63,40,261080,236789,96960,16598,54895,38026,12251,2976,204|198|203|224|230|219|201|200|220|232|229|211|199|200|202|192|170|160|153|164|182|199|203|188|177|183|209|210|192|187|186,0
0.147003,0,63,40,261080,236789,96960,16598,54895,38026,12251,2976,170|161|156|147|137|131|130|129|120|122|140|147|130|117|105|104|118|139|135|105|106|144|155|135|124,0
0.200989,0,63,40,261080,236789,96960,16598,54895,38026,12251,2976,147|169|172|164|146|118|103|116|132|124|125|136|132|117|102|96|97|97|101|103|100|81|53|50|52|41|33,0
0.248001,0,63,40,261080,236789,96960,16598,54895,38026,12251,2976,34|42|41|35|44|64|66|44|33|34|41|54|68|70|65|57|48|39|50|70|83|83|75|69,0
0.30098,0,63,40,261080,236789,96960,16598,54895,38026,12251,2976,74|86|90|88|103|125|117|83|66|75|86|82|66|55|57|60|55|52|58|60|53|48|48|44|42|42,0
0.347992,0,63,40,261080,236789,96960,16598,54895,38026,12251,2976,43|52|65|69|72|81|92|100|83|76|99|123|145|157|166|184|199|186|162|148|152|168|181|177|164,0
0.400986,0,63,40,261080,236789,96960,16598,54895,38026,12251,2976,171|179|166|157|154|146|132|131|132|108|96|108|116|102|90|75|71|70|40|8|4|18|26|27|22|21,0
0.447998,0,63,40,261080,236789,96960,16598,54895,38026,12251,2976,25|27|40|29|-6|-29|-28|-8|3|-11|-22|-4|10|5|3|4|6|7|17|24|19|11|2|-17|-33,0
0.500992,0,63,40,261080,236789,96960,16598,54895,38026,12251,2976,-36|-29|-26|-35|-39|-40|-46|-53|-44|-37|-37|-50|-65|-69|-65|-58|-54|-38|-27|-40|-66|-73|-61|-44|-27|-19|-22,0
0.547989,0,63,40,261080,236789,96960,16598,54895,38026,12251,2976,-33|-40|-27|-11|-9|-13|-27|-44|-54|-53|-44|-37|-27|-28|-40|-43|-41|-40|-42|-45|-40|-17|-3|-24|-45,0
0.600983,0,63,40,261080,236789,96960,16598,54895,38026,12251,2976,-38|-24|-27|-41|-53|-44|-20|6|12|-3|-20|-17|6|20|11|5|11|18|20|22|29|44|57|69|81|85|100,0
0.647995,0,63,40,261080,236789,96960,16598,54895,38026,12251,2976,129|138|129|132|164|210|251|258|228|203|213|250|297|346|365|349|329|327|336|332|301|263|224,0
0.700989,0,63,40,261080,236789,96960,16598,54895,38026,12251,2976,183|165|170|176|150|101|61|39|17|-9|-43|-86|-118|-133|-133|-136|-170|-228|-274|-283|-274|-277|-298|-310|-307|-297|-281|-274,0
0.748001,0,63,40,261080,236789,96960,16598,54895,38026,12251,2976,-276|-276|-276|-281|-282|-276|-278|-281|-275|-261|-253|-260|-262|-250|-232|-216|-215|-232|-263|-337|-445|-540|-597,0
0.80098,0,63,40,261080,236789,96960,16598,54895,38026,12251,2976,-626|-641|-642|-638|-642|-622|-573|-507|-444|-385|-338|-307|-284|-281|-280|-267|-242|-196|-147|-107|-83|-72|-58|-27|16|58|73|65,0
0.847992,0,63,40,261080,236789,96960,16598,54895,38026,12251,2976,65|81|91|89|87|89|100|118|136|151|167|177|176|172|188|217|233|221|199|199|217|227|229|233,0
0.900986,0,63,40,261080,236789,96960,16598,54895,38026,12251,2976,249|258|240|230|237|248|258|261|246|229|227|227|219|216|220|225|216|200|184|180|185|196|200,0
0.947998,0,63,40,261080,236789,96960,16598,54895,38026,12251,2976,188|180|171|165|157|151|151|155|167|170|155|132|113|109|108|109|128|149|149|132|113|106|114|121|132|138|133|119,0
1.002,0,63,40,261080,236789,96960,16598,54895,38026,12251,2976,116|131|149|162|164|155|139|129|138|154|149|137|128|119|117|116|119|121|118|115|131|139|130|123|135|162|184|199,0
1.04799,0,63,40,261080,236789,96960,16598,54895,38026,12251,2976,201|193|181|181|194|201|194|188|188|181|178|203|230|229|208|187|179|176|179|188|196|193|188,0
1.10199,0,48,41,628774,126683,36405,63284,59368,15435,15997,2148,185|180|182|188|182|164|149|136|123|97|64|37|32|50|54|35|16|10|24|42|51|52|65|80|70|41|22|22,0
1.14799,0,48,41,628774,126683,36405,63284,59368,15435,15997,2148,24|12|-2|-9|-8|-4|-4|-20|-39|-52|-50|-35|-22|-20|-20|-21|-25|-25|-33|-35|-20|-7|-10|-28,0
1.20499,0,48,41,628774,126683,36405,63284,59368,15435,15997,2148,-38|-27|-8|2|-4|-20|-28|-33|-41|-50|-53|-52|-55|-61|-65|-56|-51|-45|-39|-45|-52|-55|-44|-29|-24|-11|-2|-1|-7,0
1.252,0,48,41,628774,126683,36405,63284,59368,15435,15997,2148,-25|-44|-50|-41|-26|-18|-7|3|7|19|32|25|18|9|9|19|17|-2|-21|-25|-21|-7|8|17,0
1.30301,0,48,41,628774,126683,36405,63284,59368,15435,15997,2148,13|3|-8|-14|-17|-26|-51|-76|-99|-145|-218|-296|-365|-423|-454|-457|-452|-451|-445|-428|-401|-361|-322|-284|-252|-247,0
1.34999,0,48,41,628774,126683,36405,63284,59368,15435,15997,2148,-258|-243|-205|-165|-145|-130|-97|-55|-39|-44|-43|-21|3,0
1.403,0,48,41,628774,126683,36405,63284,59368,15435,15997,2148,24|42|60|69|66|80|89|85|97|108|104|106|118|119|118|131|151|178|182|160|124|115|132|154|169|155|128|120|140|165|169|168|180|192|185|172|171|178,0
1.45,0,48,41,628774,126683,36405,63284,59368,15435,15997,2148,150|119|123|139|139|137|150|162|163|151|144|135|133|149|170|168|141|118|106|102|115|139|148|136,0
1.50301,0,48,41,628774,126683,36405,63284,59368,15435,15997,2148,139|157|186|209|210|210|213|199|176|168|182|209|240|242|217|196|195|194|180|165|156|157|155|163|172|165|138|115,0
1.54999,0,48,41,628774,126683,36405,63284,59368,15435,15997,2148,100|92|101|120|124|112|96|99|130|152|129|92|81|81|87,0
1.603,0,48,41,628774,126683,36405,63284,59368,15435,15997,2148,105|118|104|72|52|59|82|84|54|19|-4|-8|11|35|39|29|2|-23|-49|-65|-50|-35|-45|-60|-60|-42|-37|-36|-27|-21|-23|-33|-57|-102|-110|-67,0
1.64999,0,48,41,628774,126683,36405,63284,59368,15435,15997,2148,-23|-4|-4|-22|-49|-37|-24|-40|-56|-70|-71|-73|-72|-60|-44|-18|-6|-23|-36|-40|-58|-83|-83|-68,0
1.703,0,48,41,628774,126683,36405,63284,59368,15435,15997,2148,-58|-59|-55|-41|-28|-20|2|29|36|-2|-25|1|23|-6|-38|-30|-11|8|39|59|50|1|-33|-10|41|72|65,0
1.75,0,48,41,628774,126683,36405,63284,59368,15435,15997,2148,17|-41|-59|-12|43|51|3|-29|-11|36|53|28|-7|-26|-4|28|34|26|25|18|-7|-38|-45|-22,0
1.80301,0,48,41,628774,126683,36405,63284,59368,15435,15997,2148,7|28|25|6|19|44|38|0|-29|-29|-17|-11|-21|-23|-8|21|33|21|11|35|80|85|33|-23|-25|5|16,0
1.84999,0,48,41,628774,126683,36405,63284,59368,15435,15997,2148,-1|-10|-8|-3|-2|1|3|-2|-1|19|39|49|53|58|69|82|71|50|40|38|36|38|42|43|44,0
1.903,0,48,41,628774,126683,36405,63284,59368,15435,15997,2148,40|37|36|35|40|51|45|40|39|39|44|60|70|65|50|24|10|20|38|43|33|19|10|12|12|5,0
1.95,0,48,41,628774,126683,36405,63284,59368,15435,15997,2148,-19|-97|-228|-357|-434|-457|-459|-471|-513|-553|-548|-489|-404|-323|-274|-244|-221|-199|-184|-179|-163|-131|-100|-87,0
2.00301,0,48,41,628774,126683,36405,63284,59368,15435,15997,2148,-88|-76|-43|-4|23|36|41|43|37|42|68|88|102|112|124|136|147|152|148|140|149|161|162|162|156|140|139|165,0
2.04999,0,48,41,628774,126683,36405,63284,59368,15435,15997,2148,179|160|138|129|138|160|169|168|172|181|183|178|168|169|179|189|188|182|181|176|173|171|156,0
2.103,0,44,44,736135,313222,81634,40095,69393,55700,9734,6362,146|144|148|166|192|202|187|169|166|180|181|170|165|169|167|157|154|160|161|150|139|133|125|118|105|100|99|89,0
2.14999,0,44,44,736135,313222,81634,40095,69393,55700,9734,6362,86|97|109|117|124|135|128|117|120|125|117|97|87|93|103|117|128|128|118|102|84|74|75|81,0
2.203,0,44,44,736135,313222,81634,40095,69393,55700,9734,6362,87|99|112|125|130|128|145|180|199|193|195|211|229|233,0
2.24899,0,44,44,736135,313222,81634,40095,69393,55700,9734,6362,227|212|195|188|197|215|228|219|203|193|184|187|193|185|162|120|97|98|103|104|104|107|107|97|84|83|83|81|73|66|50|35|41|54|55|48|32,0
2.30301,0,44,44,736135,313222,81634,40095,69393,55700,9734,6362,16|-3|-22|-33|-27|-20|-22|-26|-39|-44|-41|-38|-29|-22|-40|-66|-62|-45|-44|-55|-54|-45|-49|-56|-59|-49|-30,0
2.34999,0,44,44,736135,313222,81634,40095,69393,55700,9734,6362,-35|-51|-58|-54|-46|-52|-66|-75|-75|-82|-88|-92|-90|-77|-69|-69|-67|-56|-37|-24|-22|-18|-25|-25,0
2.403,0,44,44,736135,313222,81634,40095,69393,55700,9734,6362,-23|-37|-50|-42|-26|-20|-23|-28|-36|-41|-42|-39|-35|-29|-35|-41|-42|-49|-36|-4|12|0|-17|-11|-2|-7,0
2.45,0,44,44,736135,313222,81634,40095,69393,55700,9734,6362,-20|-25|-25|-21|-20|-3|25|39|25|17|29|49|42|18|3|5|-1|-19|-34|-30|-23|-18|-20|-21|-18,0
2.50301,0,44,44,736135,313222,81634,40095,69393,55700,9734,6362,-10|-8|-19|-33|-33|-17|1|9|19|36|43|44|37|34|44|50|38|19|13|12|6|6|8|6|4|8|21,0
2.54999,0,44,44,736135,313222,81634,40095,69393,55700,9734,6362,26|17|11|11|8|3|2|7|6|2|7|13|6|0|-6|-10|-14|-11|0|10|12|7|7|17,0
2.603,0,44,44,736135,313222,81634,40095,69393,55700,9734,6362,29|41|44|40|29|12|7|18|35|38|25|18|11|11|9|6|13|21|34|44|52|61|84|99|99|101,0
2.64999,0,44,44,736135,313222,81634,40095,69393,55700,9734,6362,106|108|103|87|58|50|75|104|117|89|72|102|135|148|146|163|218|276|310|311|312|333|361|390|410,0
2.70599,0,44,44,736135,313222,81634,40095,69393,55700,9734,6362,413|394|360|324|309|316|311|279|236|217|215|200|170|131|91|66|49|29|-6|-60|-106|-129|-124|-125|-156|-199|-215|-206|-197|-206,0
2.75299,0,44,44,736135,313222,81634,40095,69393,55700,9734,6362,-241|-273|-282|-279|-277|-276|-277|-279|-273|-247|-220|-215|-226|-222|-214|-210|-198|-181|-173|-187|-218|-306|-443|-564,0
2.80499,0,44,44,736135,313222,81634,40095,69393,55700,9734,6362,-628|-662|-681|-697|-707|-702|-679|-633|-569|-503|-444|-398|-362|-340|-334|-331|-305|-254|-205|-161|-120|-89|-62|-42|-35|-25|-11,0
2.85199,0,44,44,736135,313222,81634,40095,69393,55700,9734,6362,6|25|38|51|70|86|90|97|90|87|101|129|152|155|146|148|150|147|152|167|181|187|185,0
2.90599,0,44,44,736135,313222,81634,40095,69393,55700,9734,6362,179|183|194|202|208|208|209|209|221|259|282|274|250|235|244|258|257|244|221|194|176|183|213|240|237|227|224|225,0
2.952,0,44,44,736135,313222,81634,40095,69393,55700,9734,6362,219|210|205|202|201|205|209|201|187|180|176|169|167|150|132|137|153|154|150|140|129|118|119,0
3.006,0,44,44,736135,313222,81634,40095,69393,55700,9734,6362,125|136|139|136|139|136|120|114|133|165|171|164|146|131|132|144|145|131|129|134|133|128|119|117|122|133|134|121,0
3.05299,0,44,44,736135,313222,81634,40095,69393,55700,9734,6362,100|89|90|91|99|107|109|101|89|84|82|76|73|69|64|54|56|64|45|23|8|3|8|38,0
3.10599,0,48,51,454194,56026,8805,25149,17189,8429,3462,572,90|135|138|115|100|122|162|173|154|132|128|140|154|153|136|132|146|161|146|114|91|88|96|93|85|83|81,0
3.15298,0,48,51,454194,56026,8805,25149,17189,8429,3462,572,64|43|35|18|4|-2|0|-8|-18|-17|-13|-18|-23|-25|-24|-27|-25|-6|2|-3|-1|3|-8|-9,0
3.20599,0,48,51,454194,56026,8805,25149,17189,8429,3462,572,-5|-11|-19|-19|-20|-25|-29|-35|-38|-35|-38|-39|-27|-4|8|10|9|13|17|8|-5|-12|-4|13|26|28|20,0
3.25299,0,48,51,454194,56026,8805,25149,17189,8429,3462,572,4|-2|12|40|43|32|25|20|13|19|25|20|9|10|19|26|25|19|12|6|-5|-24|-35|-34|-23,0
3.306,0,48,51,454194,56026,8805,25149,17189,8429,3462,572,-11|-7|-3|12|28|28|18|21|42|60|57|60|75|80|61|44|45|53|56|52|43|36|34|39|48|40,0
3.35298,0,48,51,454194,56026,8805,25149,17189,8429,3462,572,32|33|26|18|8|2|6|5|1|-2|-9|-25|-35|-25|-20|-30|-34|-26|-22|-5|4|2|-5|-10|-18,0
3.407,0,48,51,454194,56026,8805,25149,17189,8429,3462,572,-33|-35|-20|-7|-3|-7|-11|-9|-5|-1|-4|-6|5|23|33|41|57|71|77|88|85|83|89|83|56|26|-1,0
3.45299,0,48,51,454194,56026,8805,25149,17189,8429,3462,572,-33|-65|-61|-18|34|59|49|26|24|36|53|67|56|38|28|36|52|59|55|50|51|45|24|-3,0
3.506,0,48,51,454194,56026,8805,25149,17189,8429,3462,572,-14|-12|-10|-9|-2|18|32|27|16|5|3|5|11|23|24|20|19|17|10|5|8|21|27|25|21|12|2,0
3.55299,0,48,51,454194,56026,8805,25149,17189,8429,3462,572,5|22|36|27|18|22|24|9|-3|0|4|-4|-1|10|22|36|41|40|44|59|61|48|34|35,0
3.60599,0,48,51,454194,56026,8805,25149,17189,8429,3462,572,39|35|36|44|54|53|48|43|41|49|64|72|70|67|70|80|84|80|75|74|71|59|45|44|54|72,0
3.65298,0,48,51,454194,56026,8805,25149,17189,8429,3462,572,80|70|55|48|45|40|44|56|56|43|25|18|19|18|8|4|9|13|13|17|32|36|17|-3|-2,0
3.70599,0,48,51,454194,56026,8805,25149,17189,8429,3462,572,13|24|26|33|38|45|59|66|60|58|66|75|80|80|77|69|58|49|42|49|59|69|75|75|66|45|32,0
3.75299,0,48,51,454194,56026,8805,25149,17189,8429,3462,572,33|37|39|37|33|20|11|18|36|67|84|65|35|21|22|13|6|3|7|11|7|7|12|17|26,0
3.80701,0,48,51,454194,56026,8805,25149,17189,8429,3462,572,34|23|13|9|18|37|50|33|17|22|41|41|22|12|20|25|18|2|-1|11|27|29|28|34|28|27|32,0
3.85298,0,48,51,454194,56026,8805,25149,17189,8429,3462,572,38|51|69|90|93|74|49|32|34|43|53|67|81|73|54|45|53|53|42|38|49|57|49|29,0
3.907,0,48,51,454194,56026,8805,25149,17189,8429,3462,572,24|33|40|41|34|12|-1|0|18|34|22|-7|-23|-23|-12,0
3.95399,0,48,51,454194,56026,8805,25149,17189,8429,3462,572,-2|-3|-7|0|23|49|58|51|37|34|43|51|48|29|5|-11|-23|-27|-25|-19|-12|-5|1|-4|-2|7|21|32|44|41|33|28|32|37|39|34,0
4.007,0,48,51,454194,56026,8805,25149,17189,8429,3462,572,25|22|21|24|27|23|17|22|33|34|24|18|22|26|34|52|65|48|25|24|39|48|51|56|45|28|23,0
4.054,0,48,51,454194,56026,8805,25149,17189,8429,3462,572,28|29|28|23|10|2|10|21|21|10|1|3|4|3|10|28|33|33|50|66|55|36|34|39,0
4.10701,0,43,69,20492,27470,34169,30683,14199,7165,2082,2242,37|25|21|21|6|-20|-33|-24|-4|20|29|35|42|41|35|36|40|42|52|61,0
4.15399,0,43,69,20492,27470,34169,30683,14199,7165,2082,2242,57|50|53|59|50|34|34|44|52|55|48|33|19|17|23|37|34|22|19|24|32|28|25|17|12|24|34|32|38|48,0
4.207,0,43,69,20492,27470,34169,30683,14199,7165,2082,2242,41|38|29|20|16|10|3|3|0|-8|-11|-3|18|49|65|60|57|55|57|72|99|113|102|88|83|84|101|119|119,0
4.254,0,43,69,20492,27470,34169,30683,14199,7165,2082,2242,105|90|72|53|48|57|67|58|48|41|40|37|35|22|3|1|13|27|28|28|33|34|40,0
4.30701,0,43,69,20492,27470,34169,30683,14199,7165,2082,2242,50|48|40|36|33|29|20|9|10|16|19|26|27|12|-6|-7|7|19|19|19|19|18|20|23|32|27|13|4,0
4.35399,0,43,69,20492,27470,34169,30683,14199,7165,2082,2242,4|23|44|45|39|40|40|36|52|57|38|19|24|40|52|51|32|5|-8|3|29|43|41|35,0
4.407,0,43,69,20492,27470,34169,30683,14199,7165,2082,2242,24|19|22|36|36|26|21|21|26|38|52|67|74|66|57|57|43|29|28|27|22|22|25|28|34|26|25,0
4.45399,0,43,69,20492,27470,34169,30683,14199,7165,2082,2242,28|34|39|38|32|45|58|52|39|35|40|44|44|43|49|52|44|37|27|33|56|72|68|48,0
4.507,0,43,69,20492,27470,34169,30683,14199,7165,2082,2242,36|38|40|36|34|40|53|56|49|41|39|50|59|58|55|56|52|39|37|49|44|27|11|6|9|7|2|9,0
4.554,0,43,69,20492,27470,34169,30683,14199,7165,2082,2242,21|28|28|27|25|23|29|35|22|7|10|29|45|51|45|35|26|24|29|37|45|54|60|59|45,0
4.608,0,43,69,20492,27470,34169,30683,14199,7165,2082,2242,39|39|37|34|34|39|34|27|25|20|9|4|11|19|19|18|21|25|27|34|32|20|9|6|8|17,0
4.655,0,43,69,20492,27470,34169,30683,14199,7165,2082,2242,24|18|1|-10|-8|1|5|-3|-7|-2|-5|-9|-9|0|33|69|84|56|23|11|11|9|5|8,0
4.70799,0,43,69,20492,27470,34169,30683,14199,7165,2082,2242,20|20|16|17|34|43|40|29|28|32|32|32|22|16|19|28|42|42|36|29|35|39|40|36|32|24|19,0
4.755,0,43,69,20492,27470,34169,30683,14199,7165,2082,2242,17|21|22|20|19|35|52|58|54|49|48|40|27|23,0
4.808,0,43,69,20492,27470,34169,30683,14199,7165,2082,2242,32|42|49|52|52|44|39|28|21|11|1|-4|-4|-4|-10|-18|-17|-10|3|13|18|16|25|41|52|50|48|51|43|36|36|48|54|53|49|38|29,0
4.85399,0,43,69,20492,27470,34169,30683,14199,7165,2082,2242,26|27|28|26|28|42|57|55|37|19|21|38|42|42|50|58|57|42|34|36|40|38|25|16|5,0
4.90799,0,43,69,20492,27470,34169,30683,14199,7165,2082,2242,4|12|25|37|44|41|39|40|44|44|37|29|25|27|23|3|-17|-18|-1|10|21|32|34|26|28|42|66,0
4.955,0,43,69,20492,27470,34169,30683,14199,7165,2082,2242,81|73|58|49|43|49|53|45|39|27|24|34|40|39|35|28|33|35|35|29|25|24|25|21,0
5.008,0,43,69,20492,27470,34169,30683,14199,7165,2082,2242,22|38|56|58|49|32|12|5|8|20|35|42|35|19|12|17|22|29|37|27|12|4|-5|-4|9|19|18,0
5.05501,0,43,69,20492,27470,34169,30683,14199,7165,2082,2242,13|10|11|13|6|3|6|4|0|3|7|-2|-20|-29|-21|-9|0|9|9|2|-3|-3|1|5,0
5.108,0,50,78,10443,9072,14136,7677,7924,4660,1223,1359,17|34|42|39|28|11|4|11|11|7|9|16|16|12|24|38|43|33|22|26|26|20|4|-8|-6|11|33,0
5.155,0,50,78,10443,9072,14136,7677,7924,4660,1223,1359,34|26|21|16|17|28|51|67|73|70|58|66|77|86|87|76|69|59|59|64|67|69|74|76,0
5.20799,0,50,78,10443,9072,14136,7677,7924,4660,1223,1359,76|84|96|90|70|50|34|22|5|0|4|11|18|11|-5|-12|-3|10|23|26|16|1|-4|0|8|22,0
5.255,0,50,78,10443,9072,14136,7677,7924,4660,1223,1359,36|41|49|52|45|37|35|33|23|19|17|17|13|13|17|12|10|23|41|50|64|72|66|64|66,0
5.308,0,50,78,10443,9072,14136,7677,7924,4660,1223,1359,69|73|77|81|69|53|36|27|33|37|36|34|28|19|19|32|42|52|49|37|37|49|60|58|51|44|51,0
5.355,0,50,78,10443,9072,14136,7677,7924,4660,1223,1359,53|51|44|36|37|40|36|32|35|32|29|41|38|20|20|36|49|48|27|13|13|21|23|18|17,0
5.41199,0,50,78,10443,9072,14136,7677,7924,4660,1223,1359,21|17|-4|-22|-14|13|41|54|37|6|0|24|65|83|72|53|34|25|24|24|23|10|3|6|12|18,0
5.459,0,50,78,10443,9072,14136,7677,7924,4660,1223,1359,17|0|-20|-27|-19|-3|3|-2|-1|3|4|7|23|45|51|28|5|2|13|28|24|0|-13|-5|18|25|16,0
5.51199,0,50,78,10443,9072,14136,7677,7924,4660,1223,1359,0|-2|4|20|24|12|9|20|35|42|37|25|18|23|39|53|55|58|59|67|76|69|25|-19|-26|4|50,0
5.55901,0,50,78,10443,9072,14136,7677,7924,4660,1223,1359,80|86|87|80|70|83|91|83|60|42|32|23|21|18|22|37|40|35|36|33|22|18|21|38|48,0
5.614,0,50,78,10443,9072,14136,7677,7924,4660,1223,1359,43|44|49|48|49|43|41|44|38|28|39|57|66|59|39|22|16|9|17|40|59|57|44|39|41|42|37,0
5.66098,0,50,78,10443,9072,14136,7677,7924,4660,1223,1359,22|16|11|5|1|2|8|13|12|25|37|32|17|10|21|38|49|53|55|50|48|50|48|42,0
5.71298,0,50,78,10443,9072,14136,7677,7924,4660,1223,1359,42|53|70|81|74|66|66|69|65|53|41|37|36|34|16|6|10|16|20|32|54|71|65|45|38|37|42,0
5.75999,0,50,78,10443,9072,14136,7677,7924,4660,1223,1359,49|49|36|29|39|49|59|76|69|40|38|69|107|114|93|96|106|132|129|118|133|146|141|144,0
5.81299,0,50,78,10443,9072,14136,7677,7924,4660,1223,1359,156|173|199|228|242|259|296|323|332|339|342|345|342|332|320|298|288|282|266|233|192|156|145|121|76|38|25,0
5.86,0,50,78,10443,9072,14136,7677,7924,4660,1223,1359,12|-21|-54|-59|-54|-60|-99|-148|-172|-170|-165|-171|-178|-183|-198|-213|-217|-210|-198|-203|-212|-210|-190|-166|-162,0
5.91299,0,50,78,10443,9072,14136,7677,7924,4660,1223,1359,-172|-172|-151|-139|-139|-141|-149|-149|-138|-129|-116|-105|-100|-90|-86|-98|-105|-103|-99|-87|-73|-67|-65|-69|-65|-42|-28,0
5.95999,0,50,78,10443,9072,14136,7677,7924,4660,1223,1359,-34|-38|-36|-35|-37|-44|-51|-43|-35|-35|-34|-13|6|5|1|6|22|35|33|25|22|22|27,0
6.01399,0,50,78,10443,9072,14136,7677,7924,4660,1223,1359,29|39|55|55|41|34|43|52|43|41|44|50|52|55|66|76|70|44|40|55|69|68|64|58|67|64|53|55,0
6.06,0,50,78,10443,9072,14136,7677,7924,4660,1223,1359,61|75|86|84|73|64|57|56|57|48|37|36|33|12|-5|-6|-5|-12|-24|-33|-29|-23,0
6.11299,0,53,80,307645,33758,15940,3721,17217,10691,2981,2120,-21|-14|-2|8|6|1|9|21|22|23|33|39|35|26|34|55|75|76|73|87|87|68|54|60|83|91|81|56|44,0
6.15999,0,53,80,307645,33758,15940,3721,17217,10691,2981,2120,58|81|85|60|54|66|68|57|54|54|56|69|84|93|100,0
6.21399,0,53,80,307645,33758,15940,3721,17217,10691,2981,2120,93|84|65|41|28|29|39|42|33|9|0|2|7|18|9|-22|-36|-22|-7|-2|-2|-6|-7|-5|1|17|36|49|60|71|66|67|72|70|59|53,0
6.25999,0,53,80,307645,33758,15940,3721,17217,10691,2981,2120,45|52|66|69|69|71|65|56|57|64|70|71|70|69|65|53|44|45|53|58|55|41|34|32,0
6.31299,0,53,80,307645,33758,15940,3721,17217,10691,2981,2120,26|22|34|49|48|37|26|18|20|38|45|27|11|19|33|37|33|26|28|33|36|38|38|28|18|16|27|24,0
6.36,0,53,80,307645,33758,15940,3721,17217,10691,2981,2120,3|-8|-3|0|-1|3|4|4|-2|-11|-12|-13|-12|-4|12|28|24|8|11|42|80|84|65|51,0
6.414,0,53,80,307645,33758,15940,3721,17217,10691,2981,2120,55|64|65|55|33|19|26|39|49|54|54|58|73|86|88|86|87|96|101|103|100|96|93|92|91|93|102,0
6.45999,0,53,80,307645,33758,15940,3721,17217,10691,2981,2120,106|92|70|51|40|37|43|50|45|42|48|54|58,0
6.51399,0,53,80,307645,33758,15940,3721,17217,10691,2981,2120,59|57|55|50|43|42|50|50|42|33|27|24|20|11|3|-4|-7|-4|2|9|16|17|13|13|7|4|12|35|41|23|1|-12|-23|-20|-2|16|19|22,0
6.56099,0,53,80,307645,33758,15940,3721,17217,10691,2981,2120,27|32|27|27|13|-17|-41|-40|-12|24|45|57|48|26|16|33|55|45|23|9|6|4|12|33,0
6.614,0,53,80,307645,33758,15940,3721,17217,10691,2981,2120,52|69|64|34|1|-12|-4|9|16|19|25|38|41|40|35|34|41|50|52|49|39|36|41|44|43|36|22|9,0
6.66098,0,53,80,307645,33758,15940,3721,17217,10691,2981,2120,10|9|6|18|25|13|-4|-10|-4|11|21|17|10|12|25|39|40|44|44|41,0
6.71399,0,53,80,307645,33758,15940,3721,17217,10691,2981,2120,35|37|44|56|58|48|43|40|35|27|18|3|2|6|3|4|7|3|-5|-11|-10|-6|-2|-5|-4|3|11|22|33|38|28,0
6.76099,0,53,80,307645,33758,15940,3721,17217,10691,2981,2120,20|34|57|72|59|33|16|23|40|40|24|21|32|37|40|52|60|59|60|58|40|32|42|58,0
6.814,0,53,80,307645,33758,15940,3721,17217,10691,2981,2120,55|35|16|7|2|-5|-4|7|32|49|50|44|40|32|20|18|33|45|56|57|50|52|53|42|41|53|68,0
6.86099,0,53,80,307645,33758,15940,3721,17217,10691,2981,2120,67|67|65|64|61|67|67|48|32|40|44|34|34|48|57|61|58|52|51|53|48|37|40|55,0
6.914,0,53,80,307645,33758,15940,3721,17217,10691,2981,2120,57|40|27|27|28|17|5|9|18|17|12|16|20|25|28|42|59|53|36|22|24|43|56|38|12|6|4,0
6.96098,0,53,80,307645,33758,15940,3721,17217,10691,2981,2120,7|19|26|21|10|11|17|20|21|22|24|26|36|49|55|56|58|59|50|40|39|33|22|19,0
7.01399,0,53,80,307645,33758,15940,3721,17217,10691,2981,2120,19|13|11|10|7|8|22|32|27|21|19|17|11|19|33|33|27|29|41|57|72|70|61|64|66|52|48,0
7.06099,0,53,80,307645,33758,15940,3721,17217,10691,2981,2120,56|68|75|67|48|32|24|28|37|44|42|26|19|26|40|45|48|56|68|70|67|55,0
7.114,0,66,80,10861,19433,5874,10928,4313,15758,2254,1757,54|59|55|38|22|11|7|17|26|24|21|23|19|5|5|13|23|34|51|67|66|48|32|26|33|39|44|60|75|68,0
7.16098,0,66,80,10861,19433,5874,10928,4313,15758,2254,1757,44|36|34|28|27|36|48|50|34|12|0|-2|6|11|21|27|21|8|2|-3|-8|7|36,0
7.215,0,66,80,10861,19433,5874,10928,4313,15758,2254,1757,51|53|53|49|26|4|2|33|67|69|42|12|3|5|3|8|25|38|34|20|12|20|13|2|-6|-10|-19|-12,0
7.26199,0,66,80,10861,19433,5874,10928,4313,15758,2254,1757,7|23|22|5|-3|5|22|40|51|51|49|43|40|41|40|43|55|72|76|73|54|40|38|44,0
7.315,0,66,80,10861,19433,5874,10928,4313,15758,2254,1757,53|54|51|53|49|40|40|44|51|58|59|54|48|44|49|55,0
7.362,0,66,80,10861,19433,5874,10928,4313,15758,2254,1757,65|74|82|68|49|41|49|53|39|25|21|21|32|29|19|16|23|20|4|-4|-5|-6|-6|-6|-6|-8|-18|-11|0|7|16|18|21|20|18,0
7.41501,0,66,80,10861,19433,5874,10928,4313,15758,2254,1757,18|17|11|5|-4|-6|3|12|16|8|7|11|10|10|16|23|32|26|22|24|39|55|68|74|72|54|39|42,0
7.46199,0,66,80,10861,19433,5874,10928,4313,15758,2254,1757,49|48|39|37|37|33|28|39|56|68|56|34|20|25|37|37|29|27|25|17|12|24|40,0
7.515,0,66,80,10861,19433,5874,10928,4313,15758,2254,1757,54|58|55|49|52|70|77|72|64|53|57|83|102|99|74|50|38|32|27|28|40|44|38|34|36|28|16,0
7.562,0,66,80,10861,19433,5874,10928,4313,15758,2254,1757,3|-1|7|17|21|26|32|27|32|28|24|25|23|16|13|27|32|16|11|37|67|73|65|55|52|53,0
7.61501,0,66,80,10861,19433,5874,10928,4313,15758,2254,1757,52|38|26|27|33|26|16|20|33|35|27|12|1|0|10|26|51|60|57|40|24|29|52|70|67|54,0
7.66199,0,66,80,10861,19433,5874,10928,4313,15758,2254,1757,56|70|65|51|51|56|58|58|57|59|58|50|36|37|49|57|52|38|37|44|40|27|19|9,0
7.715,0,66,80,10861,19433,5874,10928,4313,15758,2254,1757,-4|-9|5|21|20|10|4|11|32|39|20|0|1|16|22|21|12|5|5|9|18|12|8|8|4|-5|-17|-21,0
7.76199,0,66,80,10861,19433,5874,10928,4313,15758,2254,1757,-18|-2|18|24|18|3|-9|-12|-5|1|-1|-3|0|4|6|2|-3|6|26|26|23|33|34,0
7.815,0,66,80,10861,19433,5874,10928,4313,15758,2254,1757,22|20|29|44|54|56|56|53|45|49|64|73|72|56|40|37|37|40|48|51|52|51|51|52|48|44|44|40,0
7.862,0,66,80,10861,19433,5874,10928,4313,15758,2254,1757,40|42|42|38|27|11|6|13|28|35|22|11|16|23|24|19|19|24|36|41|38|36|32,0
7.91501,0,66,80,10861,19433,5874,10928,4313,15758,2254,1757,34|48|52|50|45|40|29|32|35|33|16|1|9|26|28|27|44|60|58|51|54|72|83|83|71|53|41,0
7.96199,0,66,80,10861,19433,5874,10928,4313,15758,2254,1757,41|42|39|42|49|41|25|11|8|10|12,0
8.015,0,66,80,10861,19433,5874,10928,4313,15758,2254,1757,21|35|44|48|33|11|4|9|18|12|3|-5|-11|-11|-7|-5|-5|-5|2|6|5|4|10|17|10|1|-5|-5|-4|-9|-18|-12|-1|7|10|11|13|16|26|49|51,0
8.062,0,66,80,10861,19433,5874,10928,4313,15758,2254,1757,41|37|39|43|42|38|39|48|57|58|42|29|32|37|39|36|32|26|33|33|34,0
8.11501,0,69,67,7514,16219,12826,1841,8040,3493,654,657,44|66|70|65|61|66|59|52|42|34|34|38|43|43|44|54|70|77|76|68|51|29|25|39|55|56|41|24|20|32|43,0
8.16199,0,69,67,7514,16219,12826,1841,8040,3493,654,657,53|55|52|45|43|37|35|37|29|23|28|45|52|49|37|33|25|18|23|43|60|66|65|64,0
8.21599,0,69,67,7514,16219,12826,1841,8040,3493,654,657,56|41|28|26|26|26|25|25|27|39|41|34|26|32|35|44|53|54|55|58|65|59|53|50|38|24|24,0
8.263,0,69,67,7514,16219,12826,1841,8040,3493,654,657,27|37|37|24|10|10|17|21|33|43|40|17|4|4|13|24|27|27|27|22|24|41|50,0
8.31599,0,69,67,7514,16219,12826,1841,8040,3493,654,657,43|37|43|44|32|11|0|7|27|42|40|27|25|39|44|40|33|29|28|32|26|22|25|28|20|11|13|9,0
8.36301,0,69,67,7514,16219,12826,1841,8040,3493,654,657,2|-1|10|23|20|5|4|19|33|39|39|35|28|27|32|39|45|51|42|33|28|37|50|55|50,0
8.41699,0,69,67,7514,16219,12826,1841,8040,3493,654,657,43|48|52|41|23|12|17|34|40|36|20|5|6|19|12|-2|-7|-2|2|5|20|37|39|34|26|25,0
8.463,0,69,67,7514,16219,12826,1841,8040,3493,654,657,32|40|44|35|19|21|36|35|34|42|52|58|61|58|55|61|70|59|51|50|50|53|57|59,0
8.51698,0,69,67,7514,16219,12826,1841,8040,3493,654,657,57|54|57|67|66|53|48|44|37|35|28|23|22|26|28|25|11|4|9|18|20|8|-11|-22|-9|8|25|26,0
8.564,0,69,67,7514,16219,12826,1841,8040,3493,654,657,18|20|35|43|35|29|57|84|82|67|58|52|49|55|66|56|40|32|36|41|41|34|32,0
8.61699,0,69,67,7514,16219,12826,1841,8040,3493,654,657,37|38|23|10|11|18|19|19|23|38|50|48|37|21|8|5|-2|-3|-9|-23|-29|-26|-11|-6|-5|-2|4|7,0
8.664,0,69,67,7514,16219,12826,1841,8040,3493,654,657,7|12|20|18|17|26|38|37|25|19|20|11|0|-7|0|11|12|2|-2|12|38|49|45,0
8.72,0,69,67,7514,16219,12826,1841,8040,3493,654,657,39|27|13|11|22|36|36|28|22|18|17|18|27|42|50|48|35|21|19|24|23|13|11,0
8.767,0,69,67,7514,16219,12826,1841,8040,3493,654,657,18|22|25|24|27|41|45|39|23|16|13|21|19|12|10|19|28|35|37|35|42|39|26|21|21|28|41|53|53|48|39,0
8.819,0,69,67,7514,16219,12826,1841,8040,3493,654,657,33|25|25|33|39|37|27|20|19|24|37|51|53|45|39|38|35|28|33|45|55|59|64|59|52|48|44,0
8.866,0,69,67,7514,16219,12826,1841,8040,3493,654,657,48|49|38|23|16|11|4|4|2|-3|3|24|36|25|20|28|42|49|55|69|81|76|52,0
8.91901,0,69,67,7514,16219,12826,1841,8040,3493,654,657,20|11|32|48|49|38|23|7|11|27|34|24|21|20|25|35|41|45|43|37|42|53|49|38|35|34|42|55,0
8.96599,0,69,67,7514,16219,12826,1841,8040,3493,654,657,51|37|34|39|49|49|44|41|42|49|49|34|34|41|42|36|36|52|69|72|64|52|55|71,0
9.019,0,69,67,7514,16219,12826,1841,8040,3493,654,657,82|68|39|24|23|39|69|85|70|48|48|59|68|65|54|35|5,0
9.06599,0,69,74,8479,6211,7212,9187,2028,3407,2938,773,-20|-22|4|36|42|17|-21|-39|-24|10|27|18|-3|-13|-25|-38|-43|-39|-27|-18|-10|-11|-19|-17|-18|-25|-19|-3|6|20|48,0
9.119,0,69,74,8479,6211,7212,9187,2028,3407,2938,773,66|55|37|27|36|49|40|24|16|7|6|9|10|16|16|9|8|6|-3|-9|-6|5|19|25|33|39|52|56|50|35,0
9.166,0,69,74,8479,6211,7212,9187,2028,3407,2938,773,27|35|45|56|59|54|44|38|33|27|34|42|54|66|69|65|59|64|66|58|55|55|53|45,0
9.21901,0,69,74,8479,6211,7212,9187,2028,3407,2938,773,36|34|38|41|43|41|24|5|0|3|18|24|16|13|23|35|43|58|75|86|85|68|43|24,0
9.26599,0,69,74,8479,6211,7212,9187,2028,3407,2938,773,27|36|33|21|21|25|26|26|25|19|11|19|22|10|-1|-2|1|0|-6|-8|-2|1|-4|-13|-6|9|23,0
9.31999,0,69,74,8479,6211,7212,9187,2028,3407,2938,773,25|20|11|17|32|51|58|53|58|72|76|71|75|81|71|61|54|49|43|42|49|52|42|36|39|48|45|45,0
9.367,0,69,74,8479,6211,7212,9187,2028,3407,2938,773,42|42|42|41|43|51|53|42|33|38|59|68|52|27|20|29|42|43|34|25|25|26|24|26,0
9.42,0,69,74,8479,6211,7212,9187,2028,3407,2938,773,38|49|52|54|56|57|57|55|44|41|44|39|25|25|40|54|55|44|39|49|64|69|57|49|41|41|42,0
9.46701,0,69,74,8479,6211,7212,9187,2028,3407,2938,773,40|28|17|12|23|35|41|43|38|25|10|2|5|17|21|25|37|56|64|60|59|48|41|40,0
9.52098,0,69,74,8479,6211,7212,9187,2028,3407,2938,773,44|57|57|49|39|32|27|28|37|40|34|22|20|26|38|42|43|49|43|35|27|24|25|34|37|36|36|43,0
9.567,0,69,74,8479,6211,7212,9187,2028,3407,2938,773,55|59|61|57|49|35|22|12|6|4|3|5|4|-3|-9|-9|2|19|27|33|32|35|35,0
9.62,0,69,74,8479,6211,7212,9187,2028,3407,2938,773,42|50|32|7|10|34|48|26|0|-2|10|27|35|32|33|38|42|44|43|37|36|39|39|35|34|32|32|35,0
9.66701,0,69,74,8479,6211,7212,9187,2028,3407,2938,773,35|29|25|19|13|16|21|26|26|22|19|18|16|19|28|36|43|44|40|27|13|13|21|27,0
9.72,0,69,74,8479,6211,7212,9187,2028,3407,2938,773,36|37|23|13|16|26|32|23|24|28|25|13|6|8|19|25|28|27|23|22|20|23|27|43|65|60|38,0
9.767,0,69,74,8479,6211,7212,9187,2028,3407,2938,773,23|28|51|65|65|64|60|68|88|104|97|73|59|66|59|38|19|11|18|25|36|36|22|8,0
9.81999,0,69,74,8479,6211,7212,9187,2028,3407,2938,773,7|9|9|17|21|13|3|1|5|10|9|5|0|2|8|11|6|5|12|25|28|20|6|6|28|55|73,0
9.867,0,69,74,8479,6211,7212,9187,2028,3407,2938,773,72|54|38|35|43|55|66|68|60|58|55|39|23|19|25|35,0
9.92099,0,69,74,8479,6211,7212,9187,2028,3407,2938,773,25|3|-6|8|40|56|50|40|38|42|57|65|39|11|2|5|10|6|-3|-2|8|19|20|33|44|50|58|64|60|58|55|53|43|35|28,0
9.96701,0,69,74,8479,6211,7212,9187,2028,3407,2938,773,28|41|49|44|38|37|40|41|36|28|32|34|28|21|19|16|19|28|36|28|32|41|45|53,0
10.021,0,69,74,8479,6211,7212,9187,2028,3407,2938,773,69|73|59|50|43|42|40|29|20|12|21|33|38|40|40|37|19|3|1|3|0|-4|-2|7,0
10.067,0,70,83,2911,5963,11071,5259,12265,4744,2163,928,19|16|8|10|17|17|16|10|4|0|3|10|18|19|21|26|34|32|23|21|27|26|17|9,0
10.121,0,70,83,2911,5963,11071,5259,12265,4744,2163,928,11|22|20|9|3|6|20|27|20|16|20|32|33|34|40|39|33|21|18|21|25|27|32|23|20|20|20|20|18|23,0
10.167,0,70,83,2911,5963,11071,5259,12265,4744,2163,928,33|33|20|17|33|42|34|32|48|57|56|43|34|36|39|40|28|5|-6|8|29|26|13|6,0
10.22,0,70,83,2911,5963,11071,5259,12265,4744,2163,928,7|22|37|35|35|51|58|60|56|50|42|39|35|27|38|58|71|59|43|34|22|18|18|22|21|22|28|39,0
10.267,0,70,83,2911,5963,11071,5259,12265,4744,2163,928,39|33|34|35|37|36|27|21|17|18|21|24|25|28|28|33|45|59|45|28|33|41|48|57,0
10.32,0,70,83,2911,5963,11071,5259,12265,4744,2163,928,59|50|44|56|74|86|76|67|68|64|53|55|57|51|48|42|28|10|4|8|21|22|16|6|1|0|1,0
10.367,0,70,83,2911,5963,11071,5259,12265,4744,2163,928,0|4|18|23|17|13|16|1|-4|5|23|26|17|8|13|25|33|35|35|34|32|27|20|5,0
10.421,0,70,83,2911,5963,11071,5259,12265,4744,2163,928,-5|-8|-4|-5|-14|-18|-18|-17|-7|4|11|13|16|10|13|18|17|27|51|60|54|35|32|49|60|58|48|41,0
10.467,0,70,83,2911,5963,11071,5259,12265,4744,2163,928,52|67|66|61|75|103|122|119|131|131|98|99|136|160|165|176|192|211|216|231|264|279|290,0
10.521,0,70,83,2911,5963,11071,5259,12265,4744,2163,928,315|338|340|341|356|359|356|342|339|356|361|347|326|295|258,0
10.567,0,70,83,2911,5963,11071,5259,12265,4744,2163,928,220|196|186|170|130|82|53|35|9|-25|-82|-129|-146|-137|-141|-167|-201|-228|-230|-227|-232|-249|-262|-250|-242|-235|-236|-228|-213|-199|-188|-184|-182|-173|-167|-164,0
10.621,0,70,83,2911,5963,11071,5259,12265,4744,2163,928,-169|-178|-178|-169|-156|-137|-122|-123|-132|-134|-140|-132|-113|-100|-84|-61|-42|-38|-40|-38|-36|-42|-52|-52|-44|-43|-40|-38,0
10.667,0,70,83,2911,5963,11071,5259,12265,4744,2163,928,-34|-24|-12|-7|-11|-9|-4|-3|-3|1|4|8|7|2|3|10|23|36|41|41|28|19|19,0
10.721,0,70,83,2911,5963,11071,5259,12265,4744,2163,928,21|17|12|20|29|39|49|55|60|57|48|45|56|73|85|75|58|52|59|66|61|60|57|41|33|35|44|54,0
10.768,0,70,83,2911,5963,11071,5259,12265,4744,2163,928,51|52|54|50|39|36|37|41|51|58|58|57|55|53|52|56|73|88|80|57|49|56|64|64,0
10.821,0,70,83,2911,5963,11071,5259,12265,4744,2163,928,60|57|51|44|41|42|51|61|66|56|50|52|65|82|88|83|81|87|101|115|114|91|71|71|86|91|85,0
10.868,0,70,83,2911,5963,11071,5259,12265,4744,2163,928,77|68|65|84|97|91|85|81|70|64|67|66|57|49|28|8|6|25|41|50|43|32|25|23|12,0
10.921,0,70,83,2911,5963,11071,5259,12265,4744,2163,928,10|20|18|10|6|8|22|36|43|44|35|20|17|36|57|65|65|64|58|44|27|24|28|43|50|36|25,0
10.968,0,70,83,2911,5963,11071,5259,12265,4744,2163,928,28|34|34|28|27|21|22|32|38|42|44|40|39|40|33|24|21|23|33|39|28|12|10,0
11.022,0,70,83,2911,5963,11071,5259,12265,4744,2163,928,6|2|3|3|4|9|20|21|18|21|27|41|55|66|64|54|42|38|40|41|28|10|4|4|22|42|49|42,0
11.069,0,69,80,139907,5927,2937,1156,2345,3729,436,238,27|12|4|2|18|48|67|70|59|50|40|35|49|76|85|66|36|24|33,0
11.121,0,69,80,139907,5927,2937,1156,2345,3729,436,238,50|56|43|34|25|18|3|-10|-13|-7|1|4|-1|-2|-2|-6|-9|-5|1|3|9|12|13|22|40|48|53|58|68|76|74|67,0
11.168,0,69,80,139907,5927,2937,1156,2345,3729,436,238,54|44|44|50|52|50|39|33|22|11|9|13|18|20|24|27|35|37|32|12|-8|-29,0
11.221,0,69,80,139907,5927,2937,1156,2345,3729,436,238,-27|10|49|42|10|-18|-22|-4|19|33|26|9|-7|-20|-11|8|32|41|43|38|24|16|23|32|20|9|20|35|44,0
11.268,0,69,80,139907,5927,2937,1156,2345,3729,436,238,44|39|39|41|43|48|51|51|54|71|85|77|65|55|56|57|50|39|26|21|33|40,0
11.321,0,69,80,139907,5927,2937,1156,2345,3729,436,238,39|42|51|49|44|42|45|42|28|20|27|41|41|28|22|26|33|37|36|22|11|17|27|38|48|48|43|40|50,0
11.368,0,69,80,139907,5927,2937,1156,2345,3729,436,238,54|56|57|53|40|26|21|19|12|17|34|40|34|26|22|23|32|33|25|33|42|44|35|26|36,0
11.422,0,69,80,139907,5927,2937,1156,2345,3729,436,238,38|28|26|28|37|48|55|51|41|26|20|22|29|29|36|49|61|67|53|38|29|25|32|42|44|35|26,0
11.468,0,69,80,139907,5927,2937,1156,2345,3729,436,238,32|28|26|32|36|42|39|26|22|28|44|52|44|42|42|48|52|53|39|17|6|12|29|41,0
11.522,0,69,80,139907,5927,2937,1156,2345,3729,436,238,36|33|36|29|23|26|28|34|33|20|19|25|33|39|49|43|28|16|17|28|35|25|12|4|-8|-5|21,0
11.569,0,69,80,139907,5927,2937,1156,2345,3729,436,238,52|75|87|75|48|25|21|41|69|69|37|7|16|38|54|68|73|59|44,0
11.622,0,69,80,139907,5927,2937,1156,2345,3729,436,238,39|32|24|22|25|35|37|34|32|27|35|36|28|18|7|13|21|18|11|2|-2|5|16|20|13|12|12|9|10|8|0|-7|-7,0
11.669,0,69,80,139907,5927,2937,1156,2345,3729,436,238,-10|-19|-24|-21|-19|-18|-8|2|19|20|7|-4|-8|-3|4|10|16|11|11|13|18|23|28|34,0
11.722,0,69,80,139907,5927,2937,1156,2345,3729,436,238,32|26|24|24|23|28|37|38|38|44|56|57|49|49|55|52|36|28|38|54|68|69|67|71|74|68|64,0
11.769,0,69,80,139907,5927,2937,1156,2345,3729,436,238,60|57|50|38|32|27|21|17|22|24|26|38|43|37|34|44|66|80|76|66|49|43|49,0
11.822,0,69,80,139907,5927,2937,1156,2345,3729,436,238,50|50|51|51|52|55|49|27|17|13|18|23|20|11|13|12|7|5|6|2|2|13|32|35|21|17|23|27,0
11.869,0,69,80,139907,5927,2937,1156,2345,3729,436,238,29|24|19|20|18|20|27|26|20|29|50|54|40|26|20|16|17|10|4|18|49|71|72,0
11.922,0,69,80,139907,5927,2937,1156,2345,3729,436,238,72|77|77|68|59|68|82|90|89|75|55|49|58|68|49|13|-9|-6|16|33|45|57|49|24|9|24|58|87,0
11.969,0,69,80,139907,5927,2937,1156,2345,3729,436,238,86|59|38|27|29|48|64|54|37|24|20|18|18|20|20|16|20|26|36|45|51|53|50|41,0
12.022,0,69,80,139907,5927,2937,1156,2345,3729,436,238,42|43|35|23|11|3|4|10|6|1|-2|2|5|3|-3|-6|5|25|40|36|12|1|9|38|61|75|69,0
12.069,0,70,81,7713,14553,5331,7858,2491,3718,1433,1791,41|33|48|56|52|39|40|48|43|42|50|59|68|66|55|38|29|28|28|32|34,0
12.123,0,70,81,7713,14553,5331,7858,2491,3718,1433,1791,34|26|22|25|24|9|-3|-13|-13|-4|9|11|1|-17|-21|-18|-9|-6|-3|6|12|17|20|25|28|32|36|40|42|42|40,0
12.17,0,70,81,7713,14553,5331,7858,2491,3718,1433,1791,39|50|65|58|43|36|28|22|22|25|35|37|37|41|48|52|57|58|52|37|26|32|41|43,0
12.224,0,70,81,7713,14553,5331,7858,2491,3718,1433,1791,36|35|44|44|45|54|54|41|26|22|26|28|22|18|32|41|43|51|58|58|48|33|25|24|27|28|23,0
12.271,0,70,81,7713,14553,5331,7858,2491,3718,1433,1791,9|-1|-6|-2|3|8|18|26|34|28|21|25|27|24|33|41|34|18|10|17|27|34|34|35|45,0
12.325,0,70,81,7713,14553,5331,7858,2491,3718,1433,1791,54|57|56|53|57|65|69|65|52|43|44|45|44|34|28|36|52|67|69|66|56|44|35|33|25|18|9,0
12.372,0,70,81,7713,14553,5331,7858,2491,3718,1433,1791,8|24|49|66|65|52|41|43|65|71|64|55|56|52|34|17|13|24|41|50|41|24|24|37|43,0
12.424,0,70,81,7713,14553,5331,7858,2491,3718,1433,1791,42|33|23|21|21|11|0|-7|-4|-1|-7|-1|22|40|51|59|53|44|48|44|38,0
12.471,0,70,81,7713,14553,5331,7858,2491,3718,1433,1791,42|42|36|26|16|7|1|-5|-7|-10|-13|-22|-25|-25|-33|-38|-38|-27|-13|0|4|2|0|4|10|19|34|44|38,0
12.524,0,70,81,7713,14553,5331,7858,2491,3718,1433,1791,26|23|20|21|25|34|28|26|36|43|48|54|67|70|64|57|52|38|24|19|16|6|-3|-13|-17|-13|-17,0
12.571,0,70,81,7713,14553,5331,7858,2491,3718,1433,1791,-17|-8|4|24|39|51|51|34|18|19|35|43|36|19|3|1|12|35|59|85|99|89|69,0
12.624,0,70,81,7713,14553,5331,7858,2491,3718,1433,1791,43|32|33|35|39|36|34|36|44|53|51|48|42|37|36|36|39|50|45|36|25|22|19|29|57|69|67|66,0
12.671,0,70,81,7713,14553,5331,7858,2491,3718,1433,1791,64|64|69|74|68|52|39|36|36|41|44|48|58|72|76|70|64|56|56|58|59|56|49|39,0
12.724,0,70,81,7713,14553,5331,7858,2491,3718,1433,1791,40|44|53|59|53|40|34|36|38|35|27|24|25|35|34|24|21|24|32|26|19|20|32|45|43|26|13|17,0
12.771,0,70,81,7713,14553,5331,7858,2491,3718,1433,1791,25|34|37|34|25|16|9|18|23|21|25|38|43|29|9|5|17|36|48|49|48|33|17|10,0
12.825,0,70,81,7713,14553,5331,7858,2491,3718,1433,1791,18|33|36|25|4|-7|-2|3|0|2|8|5|-3|-6|-2|5|6|7|13|25|32|34|29|27|32|32|22,0
12.872,0,70,81,7713,14553,5331,7858,2491,3718,1433,1791,18|22|28|32|32|39|55|65|68|73,0
12.924,0,70,81,7713,14553,5331,7858,2491,3718,1433,1791,76|72|57|39|29|22|12|10|18|24|24|26|35|42|28|16|19|17|4|1|7|2|-8|-13|-13|-12|-5|6|10|-2|-26|-43|-37|-17|-5|2|9|13|17|20|35,0
12.971,0,70,81,7713,14553,5331,7858,2491,3718,1433,1791,54|60|44|28|21|29|49|51|39|49|64|55|36|23|21|21|24|32|38|40|34|23|17,0
13.024,0,70,81,7713,14553,5331,7858,2491,3718,1433,1791,26|42|52|49|44|54|64|56|44|34|34|39|37|34|38|49|60|65|50|37|44|64|64|54|51|45|49|55|58,0
13.071,0,70,81,7713,14553,5331,7858,2491,3718,1433,1791,58|66|71|73|77|76|65|54|56|61|57|44|40|42,0
13.124,0,64,74,18364,15981,5839,15538,8896,3030,6105,841,52|57|64|70|66|50|37|38|34|23|20|16|1|-10|-10|-3|-1|-11|-24|-25|-19|-11|-12|-13|-7|0|-2|-7|-11|-9|1|17|22|22|28|39|49,0
13.171,0,64,74,18364,15981,5839,15538,8896,3030,6105,841,48|12|-42|-77|-49|19|61|60|37|22|36|56|65|52|36|28|32|27|4|-14|-21|-9|8|8,0
13.225,0,64,74,18364,15981,5839,15538,8896,3030,6105,841,2|-2|-4|-4|1|12|20|21|32|48|64|64|41|25|22|32|48|55|55|54|48|40|39|38|26|23|33,0
13.272,0,64,74,18364,15981,5839,15538,8896,3030,6105,841,37|34|27|23|25|28|33|33|41|51|48|42|43|42|41|51|57|54|49|49|53|51|38|29,0
13.325,0,64,74,18364,15981,5839,15538,8896,3030,6105,841,38|48|49|48|39|27|25|33|45|49|42|36|29|33|33|34|34|28|33|42|52|56|53|37|24|24|35,0
13.372,0,64,74,18364,15981,5839,15538,8896,3030,6105,841,52|66|64|51|32|25|40|57|66|57|44|40|43|49|49|41|27|11|4|6|9|11|18|19,0
13.425,0,64,74,18364,15981,5839,15538,8896,3030,6105,841,24|38|51|48|25|3|-2|6|10|12|13|19|26|29|41|57|55|37|25|21|23|23|12|11|20|23|18,0
13.472,0,64,74,18364,15981,5839,15538,8896,3030,6105,841,12|20|33|42|43|49|48|36|23|11|18|37|53|53|34|24|36|40|29|18|18|23|21|19|20,0
13.525,0,64,74,18364,15981,5839,15538,8896,3030,6105,841,26|33|37|41|39|29|24|23|20|4|-6|-10|-9|4|34|56|52|25|2|5|28|53|51|37|35|39|27,0
13.572,0,64,74,18364,15981,5839,15538,8896,3030,6105,841,18|25|42|52|50|39|33|33|37|43|52|52|45|41|38|39|40|37|32|29|36|41|41|48,0
13.624,0,64,74,18364,15981,5839,15538,8896,3030,6105,841,52|51|45|52|57|61|65|59|55|52|48|52|59|64|65|64|60|64|59|56|48|24|16|23|37|37|29,0
13.671,0,64,74,18364,15981,5839,15538,8896,3030,6105,841,29|32|28|32|39|49|49|51|56|52|42|27|9|-4|-6|-1|5|7|8|12|24|33|33|26,0
13.725,0,64,74,18364,15981,5839,15538,8896,3030,6105,841,22|20|20|21|24|26|21|12|9|3|2|12|26,0
13.771,0,64,74,18364,15981,5839,15538,8896,3030,6105,841,38|41|49|57|54|43|36|27|9|-3|3|12|23|36|34|18|8|16|27|37|39|39|33|21|6|3|12|24|19|2|-3|5|20|34|37|27|19|21,0
13.825,0,64,74,18364,15981,5839,15538,8896,3030,6105,841,33|43|51|55|55|55|55|59|75|81|58|23|9|20|35|49|53|55|48|25|9|8|16|16|10|9,0
13.871,0,64,74,18364,15981,5839,15538,8896,3030,6105,841,12|24|35|21|-8|-21|-5|11|16|17|33|40|27|11|12|28|49|61|64|53|53|56|60|67|66,0
13.925,0,64,74,18364,15981,5839,15538,8896,3030,6105,841,64|67|67|58|50|37|23|20|28|36|38|45|51|45|40|43|49|44|34|21|12|10|12|18|24|27|33,0
13.972,0,64,74,18364,15981,5839,15538,8896,3030,6105,841,41|52|54|50|45|48|48|41|35|37|37|34|26|22|22|26|32|35|41|39|33|29|39|49|41,0
14.025,0,64,74,18364,15981,5839,15538,8896,3030,6105,841,25|20|18|22|32|36|32|23|21|29|38|34|25|35|61|88|83|51|29|29|39|40|34|28|36|44,0
14.072,0,64,69,12733,6378,1921,6542,6069,3361,3949,1423,50|55|65|72|72|58|36|27|36|55|74|75|54|32|22|32|42|50|49|41|35|26,0
14.125,0,64,69,12733,6378,1921,6542,6069,3361,3949,1423,25|36|41|42|38|29|27|33|37|33|18|8|7|16|20|18|9|4|4|13|29|41|33|20|12|9|8,0
14.172,0,64,69,12733,6378,1921,6542,6069,3361,3949,1423,12|23|21|12|11|16|9|4|10|18|10|-1|-3|0|8|22|17|-3|-12|-12|-11|-3|13|25|35|33|18,0
14.225,0,64,69,12733,6378,1921,6542,6069,3361,3949,1423,6|6|19|34|33|36|42|42|48|55|52|39|33|48|55|39|23|26|44|60|65|56|52|38|20|19|39,0
14.272,0,64,69,12733,6378,1921,6542,6069,3361,3949,1423,58|60|50|43|44|45|43|41|44|44|32|16|9|10|18|35|45|48|43|41|42|48|35|22,0
14.325,0,64,69,12733,6378,1921,6542,6069,3361,3949,1423,18|22|22|17|11|21|38|49|51|50|42|38|40|44|42|39|43|52|51|43|35|35|48|56|52|42|33,0
14.372,0,64,69,12733,6378,1921,6542,6069,3361,3949,1423,26|34|39|40|38|37|32|25|27|22|3|-19|-22|-8|-4|-5|-11|-20|-19|-12|0|10|10,0
14.425,0,64,69,12733,6378,1921,6542,6069,3361,3949,1423,3|1|9|25|33|22|16|16|16|19|26|32|38|42|48|52|52|42|35|37|41|33|18|12|18|27|44|53|35,0
14.472,0,64,69,12733,6378,1921,6542,6069,3361,3949,1423,11|10|28|39|34|22|18|7|-1|5|12|17|29|38|27|12|4|4|17|36|43|38|25|25,0
14.525,0,64,69,12733,6378,1921,6542,6069,3361,3949,1423,33|22|1|-7|-1|17|25|29|32|28|38|57|71|61|38|32|37|40|38|35|37|35|25|24|27|35|37,0
14.572,0,64,69,12733,6378,1921,6542,6069,3361,3949,1423,35|35|34|34|28|20|10|7|22|37|39|36|32|33|40|52|59|58|56|61|59|64|70|76,0
14.625,0,64,69,12733,6378,1921,6542,6069,3361,3949,1423,82|83|74|74|85|90|86|73|59|58|64|55|26|6|11|35|52|56|45|26|20|36|58|72|73|71|64,0
14.672,0,64,69,12733,6378,1921,6542,6069,3361,3949,1423,59|58|53|44|41|41|43|49|41|38|48|51|50|52|50|37|16|6|9|7|10|26|37|38,0
14.725,0,64,69,12733,6378,1921,6542,6069,3361,3949,1423,27|19|18|20|25|25|17|9|11|19|27|37|39|34|26|23|25|28|37|43|44|42|39|33|22|20|21,0
14.772,0,64,69,12733,6378,1921,6542,6069,3361,3949,1423,10|7|11|24|37|49|52|56|61|58|55|51|49|43|43|53|60|48|8|-23|-36|-22|19|53,0
14.825,0,64,69,12733,6378,1921,6542,6069,3361,3949,1423,50|22|8|33|65|75|61|37|19|8|2|0|10|26|27|19|11|10|16|13|19|18|0|-3|19|34|34,0
14.872,0,64,69,12733,6378,1921,6542,6069,3361,3949,1423,32|28|19|9|20|37|35|18|18|25|28|21|6|5|9|3|-13|-21|-17|-9|-3|2|2|-4,0
14.926,0,64,69,12733,6378,1921,6542,6069,3361,3949,1423,-11|-8|5|21|29|34|41|54|53|40|40|59|71|66|58|57|59|51|39|32|19|8|6|11|34|59|80|103,0
14.973,0,64,69,12733,6378,1921,6542,6069,3361,3949,1423,119|115|102|91|77|71|59|42|35|38|50|64|72|60|36|12|17|29|28|25|33|36|41|50,0
15.026,0,64,69,12733,6378,1921,6542,6069,3361,3949,1423,50|38|38|50|50|34|6|-7|-4|9|21|26|21|7|5|18|19|8|6|16|22|24|26|27|17|12|28,0
15.073,0,57,69,19914,13770,3707,4466,4375,3202,2266,2208,37|33|28|34|28|16|5|4|4|9|22|25|13|-3|-14|-6|9|17|9|-4|-6,0
15.125,0,57,69,19914,13770,3707,4466,4375,3202,2266,2208,0|8|16|8|2|4|16|21|19|18|29|35|36|39|37|35|33|25|24,0
15.172,0,57,69,19914,13770,3707,4466,4375,3202,2266,2208,32|37|49|58|55|50|43|49|53|33|17|19|25|26|18|8|4|4|10|20|25|28|34|26|18|18|19|22|28|36|34|22|25|38|49,0
15.227,0,57,69,19914,13770,3707,4466,4375,3202,2266,2208,50|39|37|35|26|24|38|53|53|52|49|44|43|37|40|51|56|54|50|50|60|71|77|81|83|85|90|101,0
15.274,0,57,69,19914,13770,3707,4466,4375,3202,2266,2208,104|99|92|87|81|73|71|70|60|52|44|40|36|25|10|3|17|44|65|65|53|38|35|39,0
15.326,0,57,69,19914,13770,3707,4466,4375,3202,2266,2208,40|42|41|44|52|53|48|34|20|20|27|36|29|22|18|17|23|26|24|16|19|25|22|22|33|43|54,0
15.373,0,57,69,19914,13770,3707,4466,4375,3202,2266,2208,51|28|17|21|34|39|38|33|22|23|24|23|27|23|17|8|1|-1|4|7|4|12|21|18,0
15.427,0,57,69,19914,13770,3707,4466,4375,3202,2266,2208,12|25|37|34|20|13|16|11|12|19|25|38|37|27|23|28,0
15.473,0,57,69,19914,13770,3707,4466,4375,3202,2266,2208,39|48|52|44|24|4|-9|-9|-1|-3|-17|-28|-29|-24|-21|-19|-12|-3|3|-2|-4|5|16|9|-8|-11|16|42|49|43|40|35|41|59|67,0
15.527,0,57,69,19914,13770,3707,4466,4375,3202,2266,2208,67|77|86|84|76|65|53|54|57|56|50|44|40|39|37|33|40|48|44|32|22|26|37|33|22|23|28|42,0
15.573,0,57,69,19914,13770,3707,4466,4375,3202,2266,2208,58|53|25|4|-2|-3|1|10|23|33|34|26|32|24|6|-14|-27|-18|12|52|66|52|41|50,0
15.627,0,57,69,19914,13770,3707,4466,4375,3202,2266,2208,70|77|72|67|66|57|51|56|56|48|45|56|71|73|68|58|42|26|11|4,0
15.674,0,57,69,19914,13770,3707,4466,4375,3202,2266,2208,5|5|3|2|1|-1|-2|7|22|19|-1|-13|-20|-17|-4|3|6|0|-7|-10|-18|-20|-17|-3|20|34|16|-5|-3|16|36,0
15.727,0,57,69,19914,13770,3707,4466,4375,3202,2266,2208,42|36|41|54|56|64|70|70|74|81|75|72|80|81|84|86|83|76|76|82|77|64|49|38|32|23|23,0
15.774,0,57,69,19914,13770,3707,4466,4375,3202,2266,2208,28|28|11|-9|-11|-1|4|2|-3|1|17|29|39|40|40|41|41|48|55|59|70|80|69|53,0
15.827,0,57,69,19914,13770,3707,4466,4375,3202,2266,2208,52|67|81|75|60|59|60|51|51|61|66|52|39|42|54|58|53|42|37|36|36|27|11|-1|-5|2|19|39,0
15.874,0,57,69,19914,13770,3707,4466,4375,3202,2266,2208,33|7|-1|21|41|43|41|34|26|26|22|5|2|9|20|39|60|72|75|74|67|58|48,0
15.927,0,57,69,19914,13770,3707,4466,4375,3202,2266,2208,27|19|20|21|17|7|0|-3|-8|-19|-13|2|18|20|16|7|9|20|27|28|24|24|34|41|44|49|55|57,0
15.974,0,57,69,19914,13770,3707,4466,4375,3202,2266,2208,55|45|34|20|23|34|33|28|21|4|-10|-18|-20|-24|-21|-20|-26|-34|-33|-19|4|12|4,0
16.027,0,57,69,19914,13770,3707,4466,4375,3202,2266,2208,2|7|10|16|28|48|57|65|69|69|68|76|83|73|70|74|68|50|34|28|37|41|35|35|40|35|25|25,0
16.074,0,44,78,11278,19002,19432,24827,17648,2128,1713,1368,36|43|41|33|25|25|23|24|33|49|60|57|42|34|40|56|60|44|34|35|40,0
16.127,0,44,78,11278,19002,19432,24827,17648,2128,1713,1368,32|13|4|8|23|38|51|58|59|64|60|51|43|52|59|56|43|34|28|37|45|44|42|41|48|52|48|42|40|34,0
16.174,0,44,78,11278,19002,19432,24827,17648,2128,1713,1368,33|37|40|41|25|12|10|19|20|11|7|10|21|26|22|8|0|4|18|28|34|24|20|19,0
16.227,0,44,78,11278,19002,19432,24827,17648,2128,1713,1368,24|22|19|21|22|12|2|-1|4|2|3|10|10|5|10|27|39|44|55|60|56|49|41|43|44|41,0
16.274,0,44,78,11278,19002,19432,24827,17648,2128,1713,1368,38|28|20|21|24|25|26|23|17|16|24|32|24|17|9,0
16.328,0,44,78,11278,19002,19432,24827,17648,2128,1713,1368,7|17|33|44|50|50|50|44|34|29|36|44|52|43|25|17|20|25|27|13|2|-3|-1|3|9|12|13|16|22|26|18|13|17|19|34|53|45,0
16.375,0,44,78,11278,19002,19432,24827,17648,2128,1713,1368,22|10|12|22|26|32|29|35|48|50|38|32|33|39|49|57|54|43|40|42|41|37|26|7|5,0
16.428,0,44,78,11278,19002,19432,24827,17648,2128,1713,1368,22|49|75|81|38|26|65|96|97|66|48|72|103|136|157|137|113|105|119|136|150|178|210|232|237|242|249,0
16.474,0,44,78,11278,19002,19432,24827,17648,2128,1713,1368,281|304|290|261|259|268|259|224|188|181|181|184|182|165|141|119|105|103|87|57|35|19|9|1,0
16.53,0,44,78,11278,19002,19432,24827,17648,2128,1713,1368,-24|-71|-101|-104|-106|-123|-148|-167|-172|-173|-173|-173|-178|-183|-188|-199|-202|-195|-184|-183|-186|-180|-163|-150|-146|-145|-135|-108,0
16.577,0,44,78,11278,19002,19432,24827,17648,2128,1713,1368,-92|-98|-115|-122|-115|-109|-115|-116|-104|-85|-74|-75|-75|-59|-36|-26|-30|-37|-30|-23|-25|-29|-28|-23,0
16.629,0,44,78,11278,19002,19432,24827,17648,2128,1713,1368,-23|-25|-27|-22|-13|-10|-8|-10|-19|-18|-6|2|7|18|34|43|51|51|40|26|19|20|26|29|32|26|22,0
16.676,0,44,78,11278,19002,19432,24827,17648,2128,1713,1368,35|57|60|48|43|57|73|76|66|50|40|48|49|41|35|38|52|53|41|28|26|28|49|59,0
16.73,0,44,78,11278,19002,19432,24827,17648,2128,1713,1368,55|57|74|87|97|99|92|82|72|70|70|72|70|54|36|37|51|53|44|38|40|42|41|50|65|71|65|52,0
16.777,0,44,78,11278,19002,19432,24827,17648,2128,1713,1368,38|33|37|45|50|49|49|43|38|22|17|28|38|37|28|25|38|55|70|72|64|54|53|60,0
16.83,0,44,78,11278,19002,19432,24827,17648,2128,1713,1368,66|66|72|82|74|59|56|61|69|67|55|41|43|58|59|44|21|0|-4|5|19|37|48|39|26|19|17,0
16.877,0,44,78,11278,19002,19432,24827,17648,2128,1713,1368,8|5|9|8|3|7|24|40|49|40|27|32|50|60|53|41|38|42|41|42|54|66|66|64|65,0
16.93,0,44,78,11278,19002,19432,24827,17648,2128,1713,1368,69|83|87|82|77|82|89|98|97|81|66|67|70|67|58|52|48|49|55|54|39|26|26|26,0
16.977,0,44,78,11278,19002,19432,24827,17648,2128,1713,1368,17|11|18|12|6|2|1|5|2|-8|-12|-8|-2|5|4|-1|-5|-5|-2|11|25|25|19|12|7|7,0
17.031,0,44,78,11278,19002,19432,24827,17648,2128,1713,1368,6|0|6|17|23|38|51|58|61|67|72|72|68|58|37|22|25|32|27|27|33|32|33|33|33|32|39|41,0
17.077,0,40,81,321144,61961,53447,17313,3111,5425,1301,1162,28|12|12|25|42|50|41|32|17|6|3|9|22|28|28|22|10|7|13|21|32|38|48,0
17.131,0,40,81,321144,61961,53447,17313,3111,5425,1301,1162,55|58|55|53|59|71|68|56|58|68|57|38|28|25|4|-39|-57|-20|40|70|56|32|28|69|105|101|61|27,0
17.177,0,40,81,321144,61961,53447,17313,3111,5425,1301,1162,19|9|-2|-6|-7|-2|3|3|7|19|19|2|-2|5|11|21|33|42|55|58|49|26|18|20,0
17.23,0,40,81,321144,61961,53447,17313,3111,5425,1301,1162,33|45|43|38|38|40|34|24|23|34|40|38|42|54|57|52|39|33|25|27|34|25|9|0|6|25|41,0
17.277,0,40,81,321144,61961,53447,17313,3111,5425,1301,1162,44|37|20|11|21|39|45|38|25|24|26|32|36|37|34|37|45|49|48|48|50|53|45|40,0
17.33,0,40,81,321144,61961,53447,17313,3111,5425,1301,1162,48|60|65|50|34|23|26|37|48|50|53|53|52|44|41|48|50|36|19|23|35|37|39|38|37|37|40,0
17.377,0,40,81,321144,61961,53447,17313,3111,5425,1301,1162,45|53|50|37|24|22|32|48|64|69|73|68|50|49|50|54|56|49|29|21|27|39|52|61,0
17.43,0,40,81,321144,61961,53447,17313,3111,5425,1301,1162,66|55|44|42|43|37|28|24|28|29|24|16|7|2|-5|2|6|5|13|23|22|21|28|36|36|38|42,0
17.477,0,40,81,321144,61961,53447,17313,3111,5425,1301,1162,44|44|45|41|40|45|50|44|48|64|76|82|77|71|65|58|57|49|26|16|19|27|37|48,0
17.53,0,40,81,321144,61961,53447,17313,3111,5425,1301,1162,57|56|50|53|49|35|26|25|28|39|50|51|32|7|5|18|24|19|16|20|28|34|29|32|34|36|29|20,0
17.577,0,40,81,321144,61961,53447,17313,3111,5425,1301,1162,10|8|3|2|3|4|9|20|32|33|11|-8|-6|8|22|19|6|1|6|18|25,0
17.634,0,40,81,321144,61961,53447,17313,3111,5425,1301,1162,24|22|11|0|-5|-6|-9|-8|-3|-4|-7|-9|-10|-4|-5|-23|-19|6|25|28|26|24|24|27|26|22|24|32|28|26|27|34,0
17.681,0,40,81,321144,61961,53447,17313,3111,5425,1301,1162,40|40|40|36|40|52|64|69|69|73|73|65|57|54|50|38|26,0
17.733,0,40,81,321144,61961,53447,17313,3111,5425,1301,1162,28|28|24|18|9|3|-2|-5|-1|10|24|29|29|28|25|27|38|44|55|65|65|58|55|55|67|73|70|66|58|43|27|17|21,0
17.78,0,40,81,321144,61961,53447,17313,3111,5425,1301,1162,34|34|24|27|39|44|41|28|23|21|20|17|9|2|-2|1|10|21|27|24|22|22|20,0
17.833,0,40,81,321144,61961,53447,17313,3111,5425,1301,1162,20|25|27|34|42|42|39|41|29|12|5|11|22|38|49|50|34|9|4|4|3|10|34|58|76|81|80|76|72,0
17.88,0,40,81,321144,61961,53447,17313,3111,5425,1301,1162,80|101|112|97|69|50|48|51|48|40|42|42|33|20|18|16|17|23|34|34|20|5|0|8,0
17.933,0,40,81,321144,61961,53447,17313,3111,5425,1301,1162,18|16|12|19|24|27|36|53|64|58|51|40|40|49|57|66|61|50|36|25|16|4|2|4|9|18|22,0
17.98,0,40,81,321144,61961,53447,17313,3111,5425,1301,1162,25|35|49|58|57|43|33|27|32|40|50|54|54,0
18.033,0,40,81,321144,61961,53447,17313,3111,5425,1301,1162,45|37|34|36|40|41|32|19|11|1|-3|-2|0|6|10|2|2|20|35|28|19|16|17|13|9|5|4|16|33|48|42|33|39|52|56|53|44|38,0
18.08,0,37,87,8808,9237,3385,13288,6896,4007,2481,1674,28|21|12|9|17|21|10|10|20|25|20|13|16|22|26|26|33|41|43|41|38|32,0
18.133,0,37,87,8808,9237,3385,13288,6896,4007,2481,1674,23|24|37|51|51|37|24|24|32|41|57|60|48|35|38|53|59|43|34|35|28|21|24|49|64|52|32|27|28,0
18.18,0,37,87,8808,9237,3385,13288,6896,4007,2481,1674,22|19|19|9|-4|-9|-2|6|24|35|27|17|10|7|11|12|12|18|24|36|40,0
18.233,0,37,87,8808,9237,3385,13288,6896,4007,2481,1674,22|-1|-7|9|24|18|3|-6|-9|-12|-18|-23|-23|-17|-5|-6|-20|-25|-14|5|20|24|29|41|50|59|68|72|74|68|53,0
18.28,0,37,87,8808,9237,3385,13288,6896,4007,2481,1674,39|28|33|52|60|55|45|45|55|60|61|68|61|49|37|35|35|36|39|40|37|37|36|38,0
18.333,0,37,87,8808,9237,3385,13288,6896,4007,2481,1674,54|71|76|68|60|57|58|54|44|41|40|44|41|24|20|27|35|34|32|32|36|35|33|36|49|56|52,0
18.38,0,37,87,8808,9237,3385,13288,6896,4007,2481,1674,40|28|27|33|35|34|33|29|35|38|45|57|56|44|41|39|35|32|34|43|42|34|22|21,0
18.434,0,37,87,8808,9237,3385,13288,6896,4007,2481,1674,25|20|18|23|25|22|12|9|18|34|41|34|17|6|17|29|40|43|48|43|36|26|24|24|24|21|19,0
18.48,0,37,87,8808,9237,3385,13288,6896,4007,2481,1674,26|27|18|11|21|42|56|54|44|36|33|36|39|40|38|36|36|35|37|39|37|36|38|35,0
18.534,0,37,87,8808,9237,3385,13288,6896,4007,2481,1674,28|25|28|32|28|28|28|32|37|40|28|5|-4|9|28|39|53|64|60|44|26|21|21|19|22|24,0
18.581,0,37,87,8808,9237,3385,13288,6896,4007,2481,1674,24|25|27|20|10|4|6|9|7|8|12|16|24|38|42|45|55|65|67|67|64|54|40|24|19,0
18.634,0,37,87,8808,9237,3385,13288,6896,4007,2481,1674,33|44|41|26|22|23|17|9|4|5|18|35|42|45|40|27|20|22|32|38|33|27|32|35|39|39|32|25,0
18.681,0,37,87,8808,9237,3385,13288,6896,4007,2481,1674,34|42|44|44|52|53|49|43|37|27|32|48|49|39|33|28|34|42|52|57|52|43|48|65,0
18.734,0,37,87,8808,9237,3385,13288,6896,4007,2481,1674,82|86|75|65|57|51|37|24|10|-1|-6|-7|-1|2|8|25|48|52|40|23|16|25|38|33|10|-3,0
18.781,0,37,87,8808,9237,3385,13288,6896,4007,2481,1674,-2|4|9|19|24|23|22|20|20|21|17|13|19|21|27|33|24|9|8|23|33|27|13|4|5,0
18.834,0,37,87,8808,9237,3385,13288,6896,4007,2481,1674,8|7|4|1|4|8|16|23|22|13|13|24|38|50|56|58|58,0
18.881,0,37,87,8808,9237,3385,13288,6896,4007,2481,1674,58|55|39|19|4|12|25|22|16|20|34|26|17|21|21|-2|-24|-21|-13|-21|-39|-45|-29|-7|-1|-4|-1|3|8|7|4|11|37|52,0
18.934,0,37,87,8808,9237,3385,13288,6896,4007,2481,1674,54|54|56|55|53|51|42|35|33|35|40|45|49|45|41|39|37|37|42|48|50|54|59|67|59|36|12,0
18.981,0,37,87,8808,9237,3385,13288,6896,4007,2481,1674,9|19|25|22|11|4|10|22|23|24|36|44|44|45|49|51|50|54|64|59|51|41|40,0
19.034,0,37,87,8808,9237,3385,13288,6896,4007,2481,1674,54|59|53|41|32|37|49|44|35|26|27|37|41|53|66|60|42|22|22|45|68|69|58|52|48|35|19|12|19,0
19.081,0,41,96,14587,4469,8871,3890,5465,4770,1475,1597,34|43|40|29|22|25|34|48|52|39|18|17|24|29|34|20|6|6|13|23|27|22|18|25,0
19.134,0,41,96,14587,4469,8871,3890,5465,4770,1475,1597,37|44|52|52|49|57|68|64|50|37|28|28|36|37|36|38|44|51|51|54|68|83|88|83|67|54|51,0
19.181,0,41,96,14587,4469,8871,3890,5465,4770,1475,1597,60|71|71|66|65|65|60|61|60|52|48|55|68|71|73|69|56|48|44|37|24|17|13|17,0
19.235,0,41,96,14587,4469,8871,3890,5465,4770,1475,1597,24|33|33|33|38|48|49|51|54|44|42|44|33|16|10|12|12|7|3|4|3|1|11|29|32|16|1,0
19.281,0,41,96,14587,4469,8871,3890,5465,4770,1475,1597,4|19|34|40|24|-2|-9|-1|20|28|25|19|17|18|16|22|29|23|12|17|17|6|0,0
19.335,0,41,96,14587,4469,8871,3890,5465,4770,1475,1597,5|16|18|11|13|25|29|19|6|0|7|23|34|41|42|43|50|49|40|40|42|45|42|33|33|35|33|34,0
19.381,0,41,96,14587,4469,8871,3890,5465,4770,1475,1597,41|51|52|48|38|36|42|49|49|44|32|7|0|5|21|35|36|34|25|26|38|54|59|52,0
19.435,0,41,96,14587,4469,8871,3890,5465,4770,1475,1597,38|34|38|44|53|53|49|49|43|28|16|5|7|16|24|35|42|51|56|52|42|40|34|24|26|28|12|-5,0
19.481,0,41,96,14587,4469,8871,3890,5465,4770,1475,1597,-10|-3|16|26|21|11|5|6|11|11,0
19.535,0,41,96,14587,4469,8871,3890,5465,4770,1475,1597,10|21|26|22|20|16|7|4|7|16|16|7|1|1|9|22|25|22|21|25|28|37|51|65|57|41|37|41|44|37|26|20|18|27|36|33|21|19|18|21|28,0
19.582,0,41,96,14587,4469,8871,3890,5465,4770,1475,1597,39|40|33|29|32|34|36|35|34|35|24|20|29|44|54|55|53|48|40|43|56|71|74|70,0
19.635,0,41,96,14587,4469,8871,3890,5465,4770,1475,1597,65|61|57|42|29|27|34|42|42|28|26|32|27|21|13|17|21|23|17|7|7|16|33|43|51|41,0
19.682,0,41,96,14587,4469,8871,3890,5465,4770,1475,1597,24|17|24|23|10|4|9|21|26|28|34|38|42|51|53|43|34|38|45|50|60|60|56|69|81,0
19.735,0,41,96,14587,4469,8871,3890,5465,4770,1475,1597,71|54|39|44|56|64|60|59|51|45|52|60|58|48|42|51|52|51|50|44|48|49|38|34|36|32|26,0
19.782,0,41,96,14587,4469,8871,3890,5465,4770,1475,1597,24|20|10|2|7|21|29|33|32|26|22|24|52|71|75|69|54|48|53|73|85|71|43,0
19.835,0,41,96,14587,4469,8871,3890,5465,4770,1475,1597,27|36|41|34|27|25|27|44|64|59|52|45|40|27|18|12|19|12|-11|-27|-13|3|8|4|1|-3|-10|-17|-9,0
19.882,0,41,96,14587,4469,8871,3890,5465,4770,1475,1597,-5|0|12|36|40|17|3|7|16|25|41|59|57|34|21|28|40|42|35|19|3|1|6|10,0
19.936,0,41,96,14587,4469,8871,3890,5465,4770,1475,1597,9|2|1|2|0|0|6|12|4|2|8|18|26|35|28|19|18|32|52|80|91|89|84|80|71|57|41,0
19.983,0,41,96,14587,4469,8871,3890,5465,4770,1475,1597,34|36|51|65|55|40|35|36|40|36|21|12|17|23|35|38|36|28|18|7|-3|-7|-12|-10|2,0
20.037,0,41,96,14587,4469,8871,3890,5465,4770,1475,1597,4|-3|5|24|33|34|44|58|68|71|81|86|85|70|45|29|24|26|22|25|36|34|21|10|1|-1|6,0
20.084,0,53,81,7466,21564,3604,6326,6686,4380,1263,1234,9|18|25|23|19|16|9|5|7|10|12|7|3|16|49|76|82|65|54|48|40|48,0
20.137,0,53,81,7466,21564,3604,6326,6686,4380,1263,1234,54|60|60|49|44|54|52|37|34|35|37|44|36|16|7|17|24|18|1|-12|-19|-10|1|1|0|5|8|9|4,0
20.184,0,53,81,7466,21564,3604,6326,6686,4380,1263,1234,-3|-4|2|13|25|16|8|17|35|52|51|34|25|21|12|3|4|5|3|17|32|37|42,0
20.236,0,53,81,7466,21564,3604,6326,6686,4380,1263,1234,33|24|29|37|43|52|49|28|12|10|23|44|60|69|69|56|42|39|44|55|70,0
20.283,0,53,81,7466,21564,3604,6326,6686,4380,1263,1234,81|88|81|64|53|51|54|65|68|66|56|41|33|24|16|7|9|20|24|21|16|19|25|32|38|44|39|34|40|56|54,0
20.336,0,53,81,7466,21564,3604,6326,6686,4380,1263,1234,49|53|58|60|55|41|25|16|17|27|41|52|51|50|48|48|42|48|64|68|51|37|28|28|34|42|49,0
20.383,0,53,81,7466,21564,3604,6326,6686,4380,1263,1234,44|50|64|68|50|26|18|23|27|24|16|9|11|21|19|9|7|10|22|28|20|2|-2|8,0
20.436,0,53,81,7466,21564,3604,6326,6686,4380,1263,1234,19|21|10|1|3|9|5|1|7|22|33|36|39|43|50|60|73|69|52|38|38|43|44|39|36|39|41,0
20.483,0,53,81,7466,21564,3604,6326,6686,4380,1263,1234,40|40|33|27|38|51|55|48|27|19|18|10|8|7|8|21|26|25|20|16|10|13|18|21|32,0
20.536,0,53,81,7466,21564,3604,6326,6686,4380,1263,1234,36|27|8|-7|-7|8|28|44|51|51|44|40|42|51|55|54|50|41,0
20.583,0,53,81,7466,21564,3604,6326,6686,4380,1263,1234,29|24|26|37|42|33|16|17|33|36|34|41|39|27|13|17|32|37|22|-4|-19|-11|-2|0|-3|4|19|28|24|12|5|8|19,0
20.638,0,53,81,7466,21564,3604,6326,6686,4380,1263,1234,26|26|28|32|25|24|26|19|8|7|16|19|2|-23|-38|-35|-14|1|7|18|25|28|39|51|57|64|74,0
20.684,0,53,81,7466,21564,3604,6326,6686,4380,1263,1234,84|75|55|37|39|52|55|45|33|27|32|19|5|4|5|17|33|43|48|39|19|9|24|52|61,0
20.737,0,53,81,7466,21564,3604,6326,6686,4380,1263,1234,41|9|-2|19|41|40|28|32|44|60|72|73|68|61|45|39|44|56|66|54|36|33|42|59|65,0
20.784,0,53,81,7466,21564,3604,6326,6686,4380,1263,1234,51|32|10|12|33|54|59|45|32|23|22|21|11|2|-2|-2|2|10|24|36|24|1|-5|13,0
20.837,0,53,81,7466,21564,3604,6326,6686,4380,1263,1234,38|42|42|52|53|42|38|39|36|28|36|41|39|27|23|22|23|37|56|54|39|39|39|33|37|52|67|71,0
20.884,0,53,81,7466,21564,3604,6326,6686,4380,1263,1234,57|40|36|44|57|54|35|18|13|28|48|45|25|11|11|9|4|7|28|41|27|17|25|48,0
20.937,0,53,81,7466,21564,3604,6326,6686,4380,1263,1234,52|36|21|18|22|26|26|18|7|6|18|27|32|35|40|36|26|33|42|37|26|28|43|56|53|45|53|66,0
20.984,0,53,81,7466,21564,3604,6326,6686,4380,1263,1234,61|55|68|86|93|80|52|27|24|35|42|33|16|19|36|44|45|52|52|42|41|45|60|69,0
21.037,0,53,81,7466,21564,3604,6326,6686,4380,1263,1234,57|41|43|53|59|54|32|3|-3|-3|-1|3|7|12|13|16|17|12|8|9|25|42|38|26|25|25|24,0
21.084,0,70,81,3125,4917,10055,5678,4699,6333,1983,1108,34|44|43|44|45|48|52|56|55|41|24|27|35|32|25|33|38|33|35|48|53|50|43,0
21.137,0,70,81,3125,4917,10055,5678,4699,6333,1983,1108,43|49|55|61|67|58|44|40|34|17|1|0|6|16|22|24|26|33|35|35|40|53|55|56|59|52|36|34,0
21.184,0,70,81,3125,4917,10055,5678,4699,6333,1983,1108,51|57|45|43|69|96|90|58|26|5|0|21|50|56|54|56|55|48|40|50|67|60|32|0|-8,0
21.237,0,70,81,3125,4917,10055,5678,4699,6333,1983,1108,-3|4|13|32|39|41|36|12|2|7|20|28|34|24|12|21|41|52|44|32|25|32|29|28|34|32,0
21.284,0,70,81,3125,4917,10055,5678,4699,6333,1983,1108,23|24|27|23|23|33|43|40|33|39|48|55|60|54|37|21|3|-13|-13|3|25|41|38|32,0
21.337,0,70,81,3125,4917,10055,5678,4699,6333,1983,1108,35|27|12|13|28|41|26|-6|-23|-21|-12|-9|-4|3|4|1|-1|-12|-24|-34|-33|-23|-13|-5|-1|0|-5,0
21.384,0,70,81,3125,4917,10055,5678,4699,6333,1983,1108,-4|0|7|18|33|48|55|53|43|38|38|41|27|1|-10|-3|3|10|28,0
21.437,0,70,81,3125,4917,10055,5678,4699,6333,1983,1108,38|25|21|33|54|70|66|51|27|8|6|10|7|7|10|10|5|-3|0|7|18|19|10|6|16|37|50|53|55|51|43|48|51,0
21.484,0,70,81,3125,4917,10055,5678,4699,6333,1983,1108,43|44|53|58|56|54|54|64|64|52|45|44|42|39|42|43|42|35|29|39|55|60|53,0
21.537,0,70,81,3125,4917,10055,5678,4699,6333,1983,1108,36|26|28|42|54|51|37|34|38|42|41|35|26|35|55|65|58|52|40|23|13|22|41|59|73|76|70,0
21.584,0,70,81,3125,4917,10055,5678,4699,6333,1983,1108,59|49|39|34|28|28|36|36|22|13|10|8|2|2|11|18|22|27|25|8|-6|-5|2|10|25,0
21.64,0,70,81,3125,4917,10055,5678,4699,6333,1983,1108,48|57|64|69|69|73|70|65|66|70|71|59|48|40|38|35|43|53|50|38|19|11|18|24|20|11|6|-1|-6,0
21.687,0,70,81,3125,4917,10055,5678,4699,6333,1983,1108,-3|7|11|16|18|13|9|12|23|27|32|37|45|52|55|73|97|102|89|68|42|21|18|29,0
21.738,0,70,81,3125,4917,10055,5678,4699,6333,1983,1108,36|43|64|83|90|83|72|74|76|72|66|56|48|39|24|17|26|53|73|80|69|55|36|17|17|33|38,0
21.785,0,70,81,3125,4917,10055,5678,4699,6333,1983,1108,33|27|29|29|27|24|11|4|11|13|2|-1|5|3|-1|1|-1|-5|-6|-12|-17|-17|-13,0
21.838,0,70,81,3125,4917,10055,5678,4699,6333,1983,1108,-2|9|9|0|-3|6|16|24|36|56|75|74|65|52|37|35|43|53|57|59|56|51|52|54|52,0
21.884,0,70,81,3125,4917,10055,5678,4699,6333,1983,1108,49|48|44|35|24|21|17|10|5|6|10|16|19|22|24|32|39|40|39|42|38|27|22|22|16|10,0
21.938,0,70,81,3125,4917,10055,5678,4699,6333,1983,1108,5|0|0|-1|1|5|18|28|36|41|42|39|41|44|52|52|43|34|25|24|32|34|28|23|22|24|23,0
21.985,0,70,81,3125,4917,10055,5678,4699,6333,1983,1108,23|32|40|48|37|18|5|5|11|25|33|11|-10|-9|7|29|49|56|57|59|59|51|42|52,0
22.038,0,70,81,3125,4917,10055,5678,4699,6333,1983,1108,57|52|45|56|64|49|27|20|22|21|21|24|24|21|18,0
22.085,0,70,81,8991,7210,11651,8963,11831,4773,3570,1230,16|16|20|27|36|42|45|38|26|19|11|11|16|16|10|8|4|4|18|38|35|9|4|22|41|37|24|23|24|24|26|22|17|22|34|33,0
22.14,0,70,81,8991,7210,11651,8963,11831,4773,3570,1230,20|7|13|40|50|34|20|22|35|39|38|50|67|65|52|44|52|52|29|13|8|16|32|40|41|49|58|56|42,0
22.187,0,70,81,8991,7210,11651,8963,11831,4773,3570,1230,25|20|28|43|49|44|42|42|44|52|56|49|36|32|26|16|9|12|16|6|8|36|67|77,0
22.238,0,70,81,8991,7210,11651,8963,11831,4773,3570,1230,69|59|68|77|75|70|65|67|57|49|48|44|49|44|41|39|29|26|32|36|35|25|22|24|36|40,0
22.285,0,70,81,8991,7210,11651,8963,11831,4773,3570,1230,38|35|23|19|35|53|48|27|12|18|34|35|25|20|24|26|24|11|-3|-9|-10|-3|2|-4,0
22.341,0,70,81,8991,7210,11651,8963,11831,4773,3570,1230,-10|-11|-8|1|18|32|28|22|24|36|49|50|39|32|35|38|39|44|51|59|73|86|83|72|54|34|19|18|21,0
22.388,0,70,81,8991,7210,11651,8963,11831,4773,3570,1230,19|18|22|27|25|16|16|24|33|27|9|4|18|29|36|28|20|20|28|40|43|36|28,0
22.44,0,70,81,8991,7210,11651,8963,11831,4773,3570,1230,28|36|41|42|33|24|23|16|11|27|37|23|4|-5|-4|9|24|35|42|49|49|33|18|9|11|21|28,0
22.486,0,70,81,8991,7210,11651,8963,11831,4773,3570,1230,24|24|32|36|39|34|24|20|27|44|56|56|56|54|40|33|34|34|22|-3|-13|-5|-1|-1,0
22.539,0,70,81,8991,7210,11651,8963,11831,4773,3570,1230,5|23|42|50|34|13|10|24|44|64|67|57|41|35|44|58|61|58|60|71|80|83|81|76|81|82|65,0
22.586,0,70,81,8991,7210,11651,8963,11831,4773,3570,1230,49|49|57|65|67|67|58|48|52|72|86|81|64|49|40|22|6|6|18|28|28|12|9,0
22.639,0,70,81,8991,7210,11651,8963,11831,4773,3570,1230,24|42|43|28|19|2|-12|-18|-19|-13|-2|12|17|8|3|6|11|8|3|6|17|21|18|18|11|-2|-3|-1|-2,0
22.686,0,70,81,8991,7210,11651,8963,11831,4773,3570,1230,5|23|42|45|36|28|21|22|32|33|34,0
22.739,0,70,81,8991,7210,11651,8963,11831,4773,3570,1230,37|34|26|25|27|33|36|25|10|8|17|21|18|9|7|6|5|2|2|8|18|28|36|37|37|35|33|36|39|28|16|16|25|35|29|22|22|25|35|36,0
22.786,0,70,81,8991,7210,11651,8963,11831,4773,3570,1230,29|25|25|33|37|35|34|34|39|43|43|50|64|66|55|50|51|49|44|37|32|27,0
22.84,0,70,81,8991,7210,11651,8963,11831,4773,3570,1230,19|7|10|32|41|43|52|70|56|13|-7|16|61|77|56|26|12|16|20|19|18|22|26|21|17|12|12|21|39,0
22.887,0,70,81,8991,7210,11651,8963,11831,4773,3570,1230,55|58|57|53|50|40|23|12|10|8|7|11|23|36|38|29|12|-1|-3|6|18|28|39|41,0
22.94,0,70,81,8991,7210,11651,8963,11831,4773,3570,1230,35|25|18|12|16|26|32|21|11|11|20|28|28|19|8|12|28|34|27|34|48|54|45|34|28|34|42,0
22.987,0,70,81,8991,7210,11651,8963,11831,4773,3570,1230,53|60|65|59|56|55|64|71|57|38|38|52|60|69|74|68|60|58|53|43|27|23|36|43|42,0
23.04,0,70,81,8991,7210,11651,8963,11831,4773,3570,1230,39|42|44|42|35|16|-9|-10|13|34|27|21|22|41|57|56|41|33|25|20|22|37|49|54|56|53,0
23.087,0,64,78,3613,11965,6659,5261,2998,2873,2022,2375,42|36|38|42|35|35|34|24|28|49|59|51|36|32|37|33|16|2,0
23.14,0,64,78,3613,11965,6659,5261,2998,2873,2022,2375,4|11|5|0|6|25|39|39|33|16|-3|4|24|32|12|-3|-8|-7|-3|2|6|-1|-10|-11|-6|-5|0|8|19|22|28|33|28|20,0
23.187,0,64,78,3613,11965,6659,5261,2998,2873,2022,2375,16|19|28|41|44|39|33|29|27|23|19|19|27|48|52|35|22|24|34|36|29|19|13|23|26,0
23.24,0,64,78,3613,11965,6659,5261,2998,2873,2022,2375,21|23|22|18|17|16|13|9|2|-1|1|2|6|11|20|25|29|49|60|53|42|37|38|39|42|48,0
23.287,0,64,78,3613,11965,6659,5261,2998,2873,2022,2375,55|58|48|44|52|53|41|29|26|27|22|12|18|36|43|41|39|23|-1|-9|1|23|44|53,0
23.34,0,64,78,3613,11965,6659,5261,2998,2873,2022,2375,44|36|29|27|26|25|22|21|17|11|16|22|28|35|36|35|39|44|35|13|1|8|29|36|24|12,0
23.387,0,64,78,3613,11965,6659,5261,2998,2873,2022,2375,8|9|7|8|13|26|45|54|40|29|34|40|42|37|32|36|41|43|40|28|11|1|6|17|22,0
23.441,0,64,78,3613,11965,6659,5261,2998,2873,2022,2375,17|11|22|35|44|58|68|73|75|66|56|53|42|26|17|23|38|45|52|57|57|44|25|21|26|29|33|33,0
23.487,0,64,78,3613,11965,6659,5261,2998,2873,2022,2375,36|44|43|28|32|44|56|55|45|42|45|52|44|39|41|42|40|48|48|40|40|53|66,0
23.54,0,64,78,3613,11965,6659,5261,2998,2873,2022,2375,65|54|48|42|38|44|49|42|42|48|51|51|56|56|50|35|27|29|23|16|19|27|36|35|28|24|20|24,0
23.587,0,64,78,3613,11965,6659,5261,2998,2873,2022,2375,18|12|18|26|26|21|23|33|39|35|32|40|49|54|55|44|33|22|19|24|35|25|12|10,0
23.641,0,64,78,3613,11965,6659,5261,2998,2873,2022,2375,16|24|25|21|20|21|11|-2|-5|2|12|23|26|12|2|10|27|35|28|26|28|28|33|39|42|43|42,0
23.687,0,64,78,3613,11965,6659,5261,2998,2873,2022,2375,39|36|34|29|28|25|33|48|51|45|44|44|44|44|44|42|41|43|43|38|25|6|-11|-11,0
23.741,0,64,78,3613,11965,6659,5261,2998,2873,2022,2375,4|25|44|44|28|12|12|36|66|70|66|64|49|34|28|32|40|43|38|21|11|11|11|19|25|33|39,0
23.788,0,64,78,3613,11965,6659,5261,2998,2873,2022,2375,36|25|11|9|12|10|3|2|21|42|54|51|38|35|40|36|25|22|18|19|25|27|25|28,0
23.841,0,64,78,3613,11965,6659,5261,2998,2873,2022,2375,36|34|35|36|40|48|50|49|50|48|43|39|37|34|29|35|41|33|21|12|3|0|9|18|19|18|20,0
23.888,0,64,78,3613,11965,6659,5261,2998,2873,2022,2375,20|9|-1|8|24|26|19|12|23|34|34|29|28|34|41|53|59|41|16|12|25|39|54|65,0
23.941,0,64,78,3613,11965,6659,5261,2998,2873,2022,2375,59|43|27|25|28|34|22|-2|-12|-9|6|24|28|18|10|13|20|25|37|52|64|59|49|48,0
23.988,0,64,78,3613,11965,6659,5261,2998,2873,2022,2375,44|33|10|-4|5|27|48|54|58|51|48|43|37|41|55|48|25|12|19|35|43|37|22|8|9|24|41,0
24.041,0,64,78,3613,11965,6659,5261,2998,2873,2022,2375,54|57|54|45|39|42|50|50|33|19|10|7|3|1|8|16|13|19|36|45|43|40|38|36|34|37|43,0
24.088,0,70,81,3076,5180,1246,3253,3047,2934,1232,1679,51|54|50|41|34|32|39|41|23|10|11|10|8|18|37|48|43|38|25|20|24|28|22,0
24.141,0,70,81,3076,5180,1246,3253,3047,2934,1232,1679,16|16|18|16|18|23|21|21|17|8|11|27|36|28|28|48|60|52|34|33|48|38|16|22|38|54|71|84|75,0
24.188,0,70,81,3076,5180,1246,3253,3047,2934,1232,1679,60|57|82|108|132|153|160|171|185|179|167|182|211|236|258|259|241|219|214|216|224|227|229|230,0
24.241,0,70,81,3076,5180,1246,3253,3047,2934,1232,1679,229|230|234|241|231|208|182|164|139|106|74|49|36|20|-4|-28|-50|-73|-101|-118|-120|-130|-152|-166|-167|-157|-153,0
24.288,0,70,81,3076,5180,1246,3253,3047,2934,1232,1679,-161|-155|-141|-139|-147|-147|-139|-141|-141|-140|-150|-148|-130|-114|-106|-101|-90|-74|-70|-75|-82|-76|-71|-61,0
24.341,0,70,81,3076,5180,1246,3253,3047,2934,1232,1679,-44|-24|-7|0|11|26|27|16|5|6|7|-1|-18|-33|-27|-9|0|1|1|-1|-9|-19|-14|-7|-4|-5|-11|-20,0
24.388,0,70,81,3076,5180,1246,3253,3047,2934,1232,1679,-17|-6|1|8|8|8|16|20|16|7|8|18,0
24.441,0,70,81,3076,5180,1246,3253,3047,2934,1232,1679,24|21|8|-5|-14|-14|-12|-6|-6|-5|11|25|16|1|-5|-3|3|12|17|7|2|7|23|40|43|38|27|22|25|35|52|68|65|50|34|21|23|34|32,0
24.488,0,70,81,3076,5180,1246,3253,3047,2934,1232,1679,16|7|9|22|41|64|68|50|28|26|36|44|44|40|36|36|40|40|49|65|69|70|80|83,0
24.541,0,70,81,3076,5180,1246,3253,3047,2934,1232,1679,69|58|64|69|75|77|84|85|81|80|80|64|42|41|54|55|41|28|27|33|28|22|21|32|34|22|0,0
24.588,0,70,81,3076,5180,1246,3253,3047,2934,1232,1679,-10|4|27|38|40|40|49|60|72|73|68|52|39|44|53|54,0
24.641,0,70,81,3076,5180,1246,3253,3047,2934,1232,1679,55|48|38|38|44|48|33|12|-4|-11|5|33|45|39|18|-3|-7|0|9|11|8|3|-4|-4|2|9|22|35|43|54|53|44|35|33|33,0
24.688,0,70,81,3076,5180,1246,3253,3047,2934,1232,1679,29|27|37|54|66|57|48|44|51|54|55|48|40|48|60|70|68|67|69|64|51|52|58|56|55,0
24.741,0,70,81,3076,5180,1246,3253,3047,2934,1232,1679,52|45|56|60|48|24|17|23|37|43|44|45|43|42|44|48|44|55|75|87|72|50|39|43|58|69|67,0
24.788,0,70,81,3076,5180,1246,3253,3047,2934,1232,1679,54|40|34|35|27|6|-10|-10|-4|0|-3|0|6|10|9|0|-21|-27|-8|22|42|36|19|5,0
24.841,0,70,81,3076,5180,1246,3253,3047,2934,1232,1679,8|35|52|53|39|24|18|18|25|41|59|73|80|71|51|37|34|36|36|38|51|67|71|58|48|43|45,0
24.888,0,70,81,3076,5180,1246,3253,3047,2934,1232,1679,48|42|43|52|54|56|58|55|56|64|66|58|53|42|33|32|39|44|48|40|29|33|48|54,0
24.941,0,70,81,3076,5180,1246,3253,3047,2934,1232,1679,56|59|57|44|29|18|11|22|35|36|22|18|21|22|20|22|27|36|42|53|54|39|21|16|26|39|42,0
24.988,0,70,81,3076,5180,1246,3253,3047,2934,1232,1679,38|28|28|28|26|28|35|35|29|27|24|24|28|34|38|42|41|33|24|17|9|7|8,0
25.041,0,70,81,3076,5180,1246,3253,3047,2934,1232,1679,10|8|13|18|11|8|12|18|19|24|28|28|38|48|49|43|51|65|73|67|53|42|38|35|24|21|28|26,0
25.088,0,61,69,205876,47540,11175,15985,12261,6838,3459,2128,20|21|36|41|29|8|8|34|54|50|34|36|56|60|48|34|37|54|55|36|21|32,0
25.141,0,61,69,205876,47540,11175,15985,12261,6838,3459,2128,49|56|52|48|45|44|39|27|25|36|53|68|65|52|38|34|40|53|57|45|23|6|10|28|43|43|38|49|66,0
25.188,0,61,69,205876,47540,11175,15985,12261,6838,3459,2128,80|75|53|45|58|66|52|34|20|19|23|34|40|39|27|24|26|26|18|20|26|40|57,0
25.241,0,61,69,205876,47540,11175,15985,12261,6838,3459,2128,68|64|52|44|50|49|43|39|32|36|51|57|58|55|52,0
25.288,0,61,69,205876,47540,11175,15985,12261,6838,3459,2128,53|58|57|45|29|11|6|4|-11|-25|-33|-34|-34|-41|-55|-53|-28|-1|10|7|8|19|34|39|42|51|56|41|6|-20|-22|-10|0|4|7|16|24|26,0
25.341,0,61,69,205876,47540,11175,15985,12261,6838,3459,2128,23|24|29|36|38|42|43|35|22|11|11|27|48|54|45|33|27|38|51|55|51|42|26|22|37|51|49,0
25.388,0,61,69,205876,47540,11175,15985,12261,6838,3459,2128,39|32|27|34|41|37|24|13|8|8|10|10|17|20|11|8|17|18|18|17|12|17|21|21,0
25.442,0,61,69,205876,47540,11175,15985,12261,6838,3459,2128,21|27|38|35|26|22|22|25|36|43|37|28|26|34|41|50|51|51|44|28|18|13|8|6|10|20|26,0
25.489,0,61,69,205876,47540,11175,15985,12261,6838,3459,2128,26|23|27|40|53|57|44|27|29|43|54|52|45|45|43|44|48|43|42|42|44|50|45|48,0
25.542,0,61,69,205876,47540,11175,15985,12261,6838,3459,2128,48|45|42|35|22|19|23|29|28|22|20|24|34|38|32|23|17|5|4|4|1|5|23|49|56|52|41|34,0
25.589,0,61,69,205876,47540,11175,15985,12261,6838,3459,2128,38|54|60|58|55|64|75|89|88|75|59|52|53|58|59|58|64|71|69|67|68|72|70|59,0
25.642,0,61,69,205876,47540,11175,15985,12261,6838,3459,2128,48|39|32|21|12|9|11|20|35|45|39|19|3|4|26|59|69|54|43|51|58|58|59|56|43|41,0
25.689,0,61,69,205876,47540,11175,15985,12261,6838,3459,2128,40|33|32|40|44|45|44|38|27|16|4|-6|-20|-30|-41|-40|-23|-6|-2|-8|-20|-13|2|8,0
25.742,0,61,69,205876,47540,11175,15985,12261,6838,3459,2128,1|0|10|16|2|-9|-4|7|-1|-24|-21|1|12|26|37|45|53|56|64|82|87|92|107|108|120|140|157|168,0
25.789,0,61,69,205876,47540,11175,15985,12261,6838,3459,2128,178|186|198|215|240|249|264|276|262|253|248|240|241|246|249|241|236|236|231|220|197|169|152|141,0
25.842,0,61,69,205876,47540,11175,15985,12261,6838,3459,2128,130|107|80|64|57|42|17|-6|-27|-52|-65|-83|-130|-165|-170|-167|-163|-163|-165|-164|-164|-162|-152|-150|-156|-157|-154,0
25.889,0,61,69,205876,47540,11175,15985,12261,6838,3459,2128,-149|-136|-121|-124|-138|-137|-129|-129|-132|-131|-117|-100|-97|-101|-104|-101|-97|-93|-85|-73|-68|-70,0
25.942,0,61,69,205876,47540,11175,15985,12261,6838,3459,2128,-69|-68|-58|-45|-44|-50|-43|-34|-28|-25|-23|-20|-25|-30|-38|-38|-25|-9|0|3|7|22|39|42|37|33|32|29|26,0
25.989,0,61,69,205876,47540,11175,15985,12261,6838,3459,2128,22|21|24|37|39|24|12|7|7|19|28|39|51|52|44|37|28|24|20|20|27|40|48|54|58,0
26.042,0,61,69,205876,47540,11175,15985,12261,6838,3459,2128,54|52|55|58|53|49|57|72|81|70|53|50|48|49|51|50|48|49|51|50|50|54|59|66|72|80|75,0
26.089,0,57,54,268437,51801,15597,2669,7580,8909,2447,1625,73|80|72|59|57|68|85|91|92|88|88|92|86|73|69|76|84|81|74|69|67|67|61|57,0
26.143,0,57,54,268437,51801,15597,2669,7580,8909,2447,1625,58|69|77|69|51|49|48|44|34|29|34|36|38|35|28|24|26|36|48|54|56|55|54|45|39|48|56,0
26.19,0,57,54,268437,51801,15597,2669,7580,8909,2447,1625,45|34|43|58|56|49|42|40|25|6|2|10|18|22|25|28|24|11|1|1|10|17|22|27,0
26.244,0,57,54,268437,51801,15597,2669,7580,8909,2447,1625,25|16|16|22|23|24|25|23|13|7|9|16|22|32|34|19|20|42|56|58|53|44|38|33|35|42|44|41,0
26.291,0,57,54,268437,51801,15597,2669,7580,8909,2447,1625,37|36|38|50|50|38|32|27|28|27|25|21|18|18|20|17|9|8|7|2|2|8|22|35,0
26.344,0,57,54,268437,51801,15597,2669,7580,8909,2447,1625,36|34|25|12|1|8|32|50|57|55|41|25|19|24|35|41|48|48|44|39|26|7|-3|-2|11|18|16,0
26.391,0,57,54,268437,51801,15597,2669,7580,8909,2447,1625,18|27|36|36|34|33|38|48|54|55|54|39|33|41|44|36|34|35|23|4|-9|-12|-7|5,0
26.444,0,57,54,268437,51801,15597,2669,7580,8909,2447,1625,23|41|43|34|34|38|48|53|50|36|27|27|26|25|36|52|66|69|60|52|44|40|40|42|42|38|28,0
26.491,0,57,54,268437,51801,15597,2669,7580,8909,2447,1625,21|22|21|17|18|18|12|11|17|16|17|20|24|27|23|11|9|22|34|38|42|49|48|35,0
26.544,0,57,54,268437,51801,15597,2669,7580,8909,2447,1625,28|27|24|22|12|2|-1|3|4|6|12|12|12|11|2|-7|-5|2|5|6|4|8|22|40|41|29|24|25,0
26.591,0,57,54,268437,51801,15597,2669,7580,8909,2447,1625,37|55|66|58|39|33|41|50|58|70|72|54|38|39|41|45|42|21|-8|-36|-52|-44|-17|25,0
26.645,0,57,54,268437,51801,15597,2669,7580,8909,2447,1625,56|55|35|32|59|81|83|75|64|55|40|17|6|21|43|49|39|38|44|48|35|23|27|36|35|28,0
26.691,0,57,54,268437,51801,15597,2669,7580,8909,2447,1625,25|25|33|40|36|32|35|44|48|39|26|27|40|52|54|40|24|9|4|8|23|35|27|23|19,0
26.745,0,57,54,268437,51801,15597,2669,7580,8909,2447,1625,17|17|17|25|26|25|23|19|25|34|28|20|21|24|28|39|42|41|48|45|38|33|34|35|23|6|1,0
26.792,0,57,54,268437,51801,15597,2669,7580,8909,2447,1625,17|27|22|17|24|40|52|55|57|64|66|61|54|39|23|18|34|56|58|42|37|45|53|57|58,0
26.845,0,57,54,268437,51801,15597,2669,7580,8909,2447,1625,56|55|64|61|54|53|64|67|61|55|44|34|25|27|38|52|68|71|61|54|43|29|22|19|16|19|25,0
26.892,0,57,54,268437,51801,15597,2669,7580,8909,2447,1625,34|37|28|23|35|52|55|53|48|41|38|49|59|60|43|27|37|43|28|11|4|3|11|23,0
26.948,0,57,54,268437,51801,15597,2669,7580,8909,2447,1625,19|3|2|17|33|48|52|52|59|68|68|61|55|56|58|55|43,0
26.995,0,57,54,268437,51801,15597,2669,7580,8909,2447,1625,36|36|49|52|36|11|-3|-3|2|0|-8|-18|-18|-2|11|11|1|-9|-24|-37|-41|-29|-18|-5|3|4|2|6|25|59|76|72|65|67|75|76,0
27.048,0,57,54,268437,51801,15597,2669,7580,8909,2447,1625,70|59|53|50|48|34|20|12|9|19|35|42|41|41|55|72|74|65|69|76|76|81|91|102|100|85|72,0
27.095,0,64,41,10237,14857,3271,3785,11701,4982,2112,1343,66|54|45|53|65|61|40|19|18|23|12|-7|-27|-38|-27|-19|-12|-1|16|22|21|33,0
27.148,0,64,41,10237,14857,3271,3785,11701,4982,2112,1343,50|64|65|64|67|81|87|76|58|50|49|44|41|35|27|22|18|19|23|26|18|9,0
27.195,0,64,41,10237,14857,3271,3785,11701,4982,2112,1343,12|26|35|27|17|5|0|1|7|5|-5|-9|-6|-6|-11|-21|-23|-21|-14|-10|-11|-18|-10|5|19|21|25|37|42|48|56|67,0
27.249,0,64,41,10237,14857,3271,3785,11701,4982,2112,1343,70|66|57|60|65|55|44|43|40|35|40|50|44|35|22|12|12|18|6|-7|-2|10|19|25|43|72,0
27.296,0,64,41,10237,14857,3271,3785,11701,4982,2112,1343,87|70|45|49|68|76|69|53|45|55|66|64|57|61|71|74|64|48|43|50|57|58|52|49|51,0
27.349,0,64,41,10237,14857,3271,3785,11701,4982,2112,1343,44|38|32|24|23|29|39|39|36|28|24|27|35|36|29|29|23|12|16|21|11|2|3|4|-2|-5|-5,0
27.396,0,64,41,10237,14857,3271,3785,11701,4982,2112,1343,0|2|-6|-10|-4|4|9|10|6|6|8|18|32|39|35|28|32|39|29|6|-1|8|19|23,0
27.449,0,64,41,10237,14857,3271,3785,11701,4982,2112,1343,24|27|43|56|44|28|21|35|49|41|33|23|20|22|32|37|34|24|17|17|33|54|61|64|52|37|32,0
27.496,0,64,41,10237,14857,3271,3785,11701,4982,2112,1343,38|38|26|17|16|22|25|29|40|49|41|32|32|37|41|39|48|60|69|72|56|34|25|35,0
27.549,0,64,41,10237,14857,3271,3785,11701,4982,2112,1343,44|49|42|32|20|24|27|28|28|21|10|-2|-7|8|34|55|64|54|43|43|43|41|44|56|67|67|57,0
27.596,0,64,41,10237,14857,3271,3785,11701,4982,2112,1343,49|41|35|34|43|54|49|35|27|25|25|34|36|33|35|43|51|41|24|19|27|50|65|60,0
27.649,0,64,41,10237,14857,3271,3785,11701,4982,2112,1343,49|40|40|41|37|25|17|17|22|29|35|34|25|19|4|-14|-24|-17|-2|5|8|9|11|18|21|24|32|35,0
27.696,0,64,41,10237,14857,3271,3785,11701,4982,2112,1343,36|34|25|20|24|34|27|22|22|37|54|59|53|48|56|64|55|38|9|-23|-43|-29|7,0
27.749,0,64,41,10237,14857,3271,3785,11701,4982,2112,1343,39|50|49|44|37|41|56|74|82|66|26|5|12|13|16|38|65|64|38|24|20|8|-5|-10|1|11|19|20,0
27.796,0,64,41,10237,14857,3271,3785,11701,4982,2112,1343,25|25|18|7|8|10|7|-1|-6|2|19|37,0
27.849,0,64,41,10237,14857,3271,3785,11701,4982,2112,1343,45|40|35|32|26|32|41|49|45|28|8|-3|0|6|4|1|8|9|-4|-10|-1|8|9|8|13|22|34|54|70|68|52|54|66|72|76|76|74|71|64,0
27.896,0,64,41,10237,14857,3271,3785,11701,4982,2112,1343,58|60|60|64|73|73|67|55|48|49|50|43|29|16|12|28|49|52|43|42|44|42|38,0
27.949,0,64,41,10237,14857,3271,3785,11701,4982,2112,1343,38|41|55|73|74|56|40|43|65|68|44|32|32|26|20|18|23|26|21|16|12|16|17|25|51|67|64|54,0
27.996,0,64,41,10237,14857,3271,3785,11701,4982,2112,1343,53|60|65|54|50|57|58|53|49|45|37|33|40|52|48|38|29|34|36|35|26|28|39|41|37,0
28.05,0,64,41,10237,14857,3271,3785,11701,4982,2112,1343,34|32|24|22|28|37|51|53|41|40|44|50|55|57|55|58|68|74|69|56|45|49|54|59|57|48|38,0
28.097,0,61,43,7367,10401,552,10905,9123,4475,1871,1406,37|26|13|11|17|22|18|7|2|-1|0|8|22|33|35|39|40|38|40|44|52|51|43|37,0
28.149,0,61,43,7367,10401,552,10905,9123,4475,1871,1406,20|-4|-8|-4|-10|-7|-7|-6|6|18|21|22|23|24|18|9|5|9|19|11|2|0|1|-1|-2|-1|4,0
28.196,0,61,43,7367,10401,552,10905,9123,4475,1871,1406,16|24|18|10|13|17|23|22|8|-1|-3|-3|2|4|2|8|27|44|38|19|18|35|45,0
28.25,0,61,43,7367,10401,552,10905,9123,4475,1871,1406,42|35|36|41|53|53|38|26|32|35|33|35|37|23|21|25|37|40|26|8|-6|-6|2|2|-3|-4|-7|-11,0
28.297,0,61,43,7367,10401,552,10905,9123,4475,1871,1406,-11|-9|2|7|7|16|28|32|24|23|26|34|38|40|38|32|21|22|27|27|17|10|17|23,0
28.35,0,61,43,7367,10401,552,10905,9123,4475,1871,1406,32|44|54|66|75|81|77|74|64|55|48|38|33|28|24|33|43|49|39|25|26|42|51|48|48|54|64|65,0
28.397,0,61,43,7367,10401,552,10905,9123,4475,1871,1406,56|49|43|40|40|49|45|34|27|38|44|45|44|52|58|55|49|50|49|36|25|22|10,0
28.45,0,61,43,7367,10401,552,10905,9123,4475,1871,1406,1|3|11|19|26|39|44|39|32|26|28|39|44|36|20|17|24|25|27|26|8|-12|-23|-18|-8|-6,0
28.497,0,61,43,7367,10401,552,10905,9123,4475,1871,1406,-9|-7|4|9|5|10|19|32|49|53|52|50|41|32|28|34|29|19|7|6|19|36|51|58|55|43,0
28.551,0,61,43,7367,10401,552,10905,9123,4475,1871,1406,39|45|54|56|51|49|54|66|76|76|68|58|55|52|42|40|42|43|43|34|28|40|54|55|40|27|29,0
28.597,0,61,43,7367,10401,552,10905,9123,4475,1871,1406,48|71|81|67|54|44|42|44|36|21|21|37|43|40|37|37|39|49|55|54|42|34|23,0
28.651,0,61,43,7367,10401,552,10905,9123,4475,1871,1406,12|11|25|39|50|53|48|37|35|34|33|37|43|49|39|29|25|26|33|32|21|11|5|0|-5|-2|1|0,0
28.697,0,61,43,7367,10401,552,10905,9123,4475,1871,1406,-2|-1|2|8|9|12|23|33|27|23|28|39|41|36|35|36|37|39|42|32|28|51|60|54,0
28.751,0,61,43,7367,10401,552,10905,9123,4475,1871,1406,52|58|67|61|65|67|64|50|33|28|38|55|58|50|35|22|18|16|11|18|24|26|21|8|4|6|8|6,0
28.797,0,61,43,7367,10401,552,10905,9123,4475,1871,1406,6|8|23|39|35|33|36|37|34|25|18|13|19|24|27|26|23|18|9|7|9|3|-1,0
28.851,0,61,43,7367,10401,552,10905,9123,4475,1871,1406,6|12|10|5|0|12|48|70|68|52|41|39|40|41|48|44|23|9|12|20|19|17|9|9|23|39|53|52,0
28.897,0,61,43,7367,10401,552,10905,9123,4475,1871,1406,40|33|32|26|8|-8|-10|-2|5|-2|-9|-2|6|20|24|18|11|12|13|12|5|-3|-5,0
28.951,0,61,43,7367,10401,552,10905,9123,4475,1871,1406,-2|5|11|17|21|23|28|38|39|37|41|51|43|34|26|36|53|54|43|36|39|44|49|44|37|36|41|48,0
28.998,0,61,43,7367,10401,552,10905,9123,4475,1871,1406,48|37|25|22|23|24|18|8|9|20|35|48|43|20|0|-20|-38|-20|28|59|60|53|51|56,0
29.051,0,61,43,7367,10401,552,10905,9123,4475,1871,1406,71|82|83|76|68|68|61|54|54|54|50|39|45|68|83|71|43|29|40|50|43|35|33|34|49|56,0
29.098,0,70,50,7330,10487,2622,10186,2068,6675,2660,1370,49|37|29|33|39|40|32|17|8|11|10|9|10|5|-3|-6|-5|-2|-1|0|0|4|12|10,0
29.151,0,70,50,7330,10487,2622,10186,2068,6675,2660,1370,6|5|8|16|23|25|27|27|34|37|38|34|37|49|51|42|38|36|32|35|38|37|37|32|34|40|44,0
29.198,0,70,50,7330,10487,2622,10186,2068,6675,2660,1370,49|48|44|44|43|38|28|22|21|25|24|10|2|6|22|34|37|33,0
29.251,0,70,50,7330,10487,2622,10186,2068,6675,2660,1370,23|6|-10|-11|5|17|8|3|21|33|18|5|8|21|26|18|2|6|32|44|37|25|36|57|67|58|50|39|38|37|40|42|42,0
29.298,0,70,50,7330,10487,2622,10186,2068,6675,2660,1370,32|23|20|24|32|28|28|26|26|38|53|64|61|56|54|57|59|53|48|44|49|58|58|48|36|36,0
29.351,0,70,50,7330,10487,2622,10186,2068,6675,2660,1370,41|48|44|41|42|51|64|64|56|43|34|39|58|69|57|38|34|51|72|81|67|58|57|58|69|75|72,0
29.398,0,70,50,7330,10487,2622,10186,2068,6675,2660,1370,60|56|57|54|45|34|22|22|27|33|27|19|8|7|12|25|39|38|32|27|33|34|26|19,0
29.451,0,70,50,7330,10487,2622,10186,2068,6675,2660,1370,20|20|11|9|11|13|20|25|26|20|19|16|11|19|32|32|22|20|21|28|33|20|7|11|32|35|17,0
29.498,0,70,50,7330,10487,2622,10186,2068,6675,2660,1370,3|6|10|8|7|16|33|41|48|52|52|51|64|76|90,0
29.551,0,70,50,7330,10487,2622,10186,2068,6675,2660,1370,92|82|64|51|53|55|44|28|20|19|19|16|6|-5|-13|-20|-23|-20|-11|-1|10|11|2|-5|-5|-6|-11|-10|-3|0|0|8|25|29|25|24,0
29.598,0,70,50,7330,10487,2622,10186,2068,6675,2660,1370,32|34|33|40|53|56|58|66|64|49|39|35|27|24|32|27|17|11|25|34|23|11|12|20,0
29.651,0,70,50,7330,10487,2622,10186,2068,6675,2660,1370,22|22|28|33|27|26|27|34|34|25|22|18|11|11|27|51|67|72|59|28|17|27|48|50|36|27|36,0
29.698,0,70,50,7330,10487,2622,10186,2068,6675,2660,1370,48|35|20|24|36|44|44|40|39|43|45|44|41|34|38|52|57|49|37|49|66|72,0
29.752,0,70,50,7330,10487,2622,10186,2068,6675,2660,1370,64|54|57|64|65|56|45|38|37|42|43|39|36|41|36|23|25|37|44|52|55|49|36|18|12|20|18|8|5|12,0
29.799,0,70,50,7330,10487,2622,10186,2068,6675,2660,1370,22|22|19|20|25|33|38|37|38|37|41|59|76|77|65|58|68|71|69|59|57|57|54|42,0
29.852,0,70,50,7330,10487,2622,10186,2068,6675,2660,1370,40|43|48|50|48|39|34|35|28|11|4|2|1|16|33|36|37|42|40|33|25|26|29|35|37|41|42,0
29.899,0,70,50,7330,10487,2622,10186,2068,6675,2660,1370,32|24|21|11|-4|-5|20|52|59|50|35|10|-5|-4|7|22|23|12|13|21|19|9|9|24,0
29.952,0,70,50,7330,10487,2622,10186,2068,6675,2660,1370,41|39|17|-2|-3|8|23|33|33|34|44|50|40|37|41|43|33|11|-3|1|17|19|16|24|42|49|42|42,0
29.999,0,70,50,7330,10487,2622,10186,2068,6675,2660,1370,44|42|43|43|38|36|36|27|22|32|40|44|51|49|44|39|35|36|43|48|40|33|23,0
30.052,0,70,50,7330,10487,2622,10186,2068,6675,2660,1370,17|19|32|38|34|28|37|37|32|35|44|59|72|72|58|49|40|41|37|26|12|17|22|24|23|21|18|23,0
30.099,0,69,64,8380,8963,13374,2364,6741,2806,1190,626,38|42|27|11|5|9|8|0|-6|-4|2|2|1|0|10|28|25|11|4|7|21|18|3,0
30.152,0,69,64,8380,8963,13374,2364,6741,2806,1190,626,1|7|11|12|13|20|22|21|27|36|39|41|43|39|37|38|36|20|11|16|17|19|21|22|27|39|41|27,0
30.199,0,69,64,8380,8963,13374,2364,6741,2806,1190,626,17|23|40|48|29|5|-1|8|17|10|4|7|21|27|22|6|-4|-5|-1|2|8|12|11|18,0
30.252,0,69,64,8380,8963,13374,2364,6741,2806,1190,626,32|41|36|21|21|35|43|41|36|36|38|28|22|26|36|43|51|49|37|22|25|37|42|44|42|32|19,0
30.299,0,69,64,8380,8963,13374,2364,6741,2806,1190,626,18|19|17|12|13|18|27|36|39|41|35|21|19|29|51|60|49|27|26|39|55|72|82|72,0
30.352,0,69,64,8380,8963,13374,2364,6741,2806,1190,626,64|60|56|48|51|67|81|70|39|10|7|22|38|49|50|48|56|71,0
30.399,0,69,64,8380,8963,13374,2364,6741,2806,1190,626,76|67|49|36|38|36|26|19|12|6|16|22|6|-8|-4|8|24|40|41|33|23|18|27|35|17|-10|-24|-21|-20|-24|-23|-20|-20,0
30.452,0,69,64,8380,8963,13374,2364,6741,2806,1190,626,-6|18|36|40|40|42|48|56|66|58|40|35|49|64|66|66|76|85|86|85|81|71|73|83|84|75|71|68,0
30.499,0,69,64,8380,8963,13374,2364,6741,2806,1190,626,65|58|45|43|54|70|74|70|70|76|77|65|40|25|25|28|29|21|9|4|2|-5,0
30.552,0,69,64,8380,8963,13374,2364,6741,2806,1190,626,-10|-8|-2|4|0|-12|-24|-27|-30|-29|-20|-7|2|6|8|12|16|9|9|16|21|18|6|2|10|22|28|37|45,0
30.599,0,69,64,8380,8963,13374,2364,6741,2806,1190,626,54|55|44|41|37|33|34|33|33|41|49|44|38|45|59|60|50|36|16|-3|-11|-12|-6|8,0
30.652,0,69,64,8380,8963,13374,2364,6741,2806,1190,626,23|24|25|29|38|52|65|67|61|55|43|38|43|50|49|43|37|25|21|23|27|35|39|43|45|51,0
30.699,0,69,64,8380,8963,13374,2364,6741,2806,1190,626,54|56|48|33|29|37|42|49|53|56|58|66|67|58|48|39|33|27|32|34|27|11|-1|-1|10,0
30.752,0,69,64,8380,8963,13374,2364,6741,2806,1190,626,20|17|12|27|52|69|70|65|54|40|35|32|33|42|40|28|33|42|41|36|36|35|32|36|45|49|41,0
30.799,0,69,64,8380,8963,13374,2364,6741,2806,1190,626,33|24|6|-3|-1|5|4|-5|-11|-13|-9|8|36|55|53|26|8|20|43|43|11|-25,0
30.852,0,69,64,8380,8963,13374,2364,6741,2806,1190,626,-43|-42|-34|-28|-34|-18|8|26|32|34|32|20|6|3|8|26|40|37|26|18|16|18|19|16|11|12|19|32|41,0
30.899,0,69,64,8380,8963,13374,2364,6741,2806,1190,626,28|12|17|34|42|41|37|34|37|52|69|70|56|48|53|56|50|34|19|6|5|7|0|-5,0
30.952,0,69,64,8380,8963,13374,2364,6741,2806,1190,626,6|17|12|16|22|25|26|33|37|42|51|56|51|49|55|60|60|58|56|55|59|71|74|67|58|64|71|77,0
30.999,0,69,64,8380,8963,13374,2364,6741,2806,1190,626,70|55|45|44|40|37|38|41|45|56|50|28,0
31.052,0,69,64,8380,8963,13374,2364,6741,2806,1190,626,16|8|2|-6|-7|-17|-20|-10|5|23|34|29|18|16|25|37|43|44|33|19|8|8|8|6|9|27|45|48|39|29|25|21|17|13|18|23|27|25|19,0
31.099,0,64,88,8461,11249,10304,15578,2176,4823,3598,1459,20|24|24|25|29|33|27|20|12|18|29|36|28|25|33|41|48|48|43|39|41|48|48,0
31.152,0,64,88,8461,11249,10304,15578,2176,4823,3598,1459,37|23|18|12|4|3|12|34|34|21|16|12|16|23|29|26|29|48|56|52|49|51|55|58|56|60|73|81,0
31.199,0,64,88,8461,11249,10304,15578,2176,4823,3598,1459,82|80|71|59|53|57|66|65|56|52|49|49|48|33|19|21|28|26|11|1|4|20|32|23,0
31.252,0,64,88,8461,11249,10304,15578,2176,4823,3598,1459,12|12|10|-2|-22|-36|-35|-11|22|54|65|53|49|80|121|140|118|84|61|53|54|55|49|40|36|45|64,0
31.299,0,64,88,8461,11249,10304,15578,2176,4823,3598,1459,59|45|40|42|44|48|50|45|45|48|49|49|51|67|76|68|53|58|69|57|37|29|37|37|26,0
31.352,0,64,88,8461,11249,10304,15578,2176,4823,3598,1459,18|16|23|33|33|32|38|50|50|42|39|38|38|35|28|25|25|35|45|53|45|36|34|32|24|21|27,0
31.399,0,64,88,8461,11249,10304,15578,2176,4823,3598,1459,34|34|37|35|19|16|22|20|17|20|21|23|28|24|10|1|-3|-1|1|-4|-5|-2|2,0
31.452,0,64,88,8461,11249,10304,15578,2176,4823,3598,1459,1|-5|-6|-6|4|25|39|35|9|-10|-8|6|24|38|41|40|37|29|18|8|3|8|19|16|9|8|9|25,0
31.499,0,64,88,8461,11249,10304,15578,2176,4823,3598,1459,43|33|-6|-45|-69|-43|10|42|36|17|10|16|28|50|58|50|37|23|16|13|9|10|17,0
31.552,0,64,88,8461,11249,10304,15578,2176,4823,3598,1459,22|36|45|41|27|13|-2|-13|-12|0|8|-7|-20|1|13|10|11|22|37|51|55|42|25|24|36|50|50|37,0
31.599,0,64,88,8461,11249,10304,15578,2176,4823,3598,1459,37|45|48|49|52|65|73|80|82|64|44|45|59|72|69|57|55|51|38|28|32|34|44,0
31.652,0,64,88,8461,11249,10304,15578,2176,4823,3598,1459,77|101|101|88|84|90|91|91|90|80|58|44|34|26|34|49|55|51|38|26|19|12|17|22|26|27,0
31.699,0,64,88,8461,11249,10304,15578,2176,4823,3598,1459,39|55|60|50|24|-2|-11|-9|3|17|25|25|19|3|-5|-5|-1|8|27|43|44|38|28|21|25,0
31.752,0,64,88,8461,11249,10304,15578,2176,4823,3598,1459,43|65|72|75|66|49|41|29|12|18|28|24|7|2|10|29|44|43|34|25|27|36|20|-2,0
31.799,0,64,88,8461,11249,10304,15578,2176,4823,3598,1459,-17|-28|-37|-36|-28|-19|-9|-8|-6|8|37|75|89|60|27|19|26|44|49|20|-9|-21|-7|8|5|1|16|35,0
31.852,0,64,88,8461,11249,10304,15578,2176,4823,3598,1459,48|44|34|33|37|32|19|19|33|41|40|35|23|18|42|89|107|89|68|70|92|106|86|49|26|39|55|50,0
31.899,0,64,88,8461,11249,10304,15578,2176,4823,3598,1459,27|7|1|12|44|70|73|65|51|59|73|59|24|-3|-9|-2|0|-6|-10|2|24|37|36|34,0
31.953,0,64,88,8461,11249,10304,15578,2176,4823,3598,1459,43|57|60|48|26|27|43|38|18|19|28|33|26|20|6|4|23|50|59|54|44|36|32|48|76|89|67,0
31.999,0,64,88,8461,11249,10304,15578,2176,4823,3598,1459,34|18|20|33|37|48|57|57|49|35|28|33|34|21|0|-10|4|42|57|39|19|7|2|3,0
32.053,0,64,88,8461,11249,10304,15578,2176,4823,3598,1459,24|52|61|48|18|10|19|8|-19|-44|-56|-69|-93|-100|-62|-8|28|65|89,0
32.099,0,69,91,22465,9070,11712,8279,7013,12087,5985,2257,100|98|99|112|107|73|26|1|4|16|17|1|-18|-7|26|53|67|67|57|48|51|48|8|-38|-55|-10|55|109|161|183|187|212,0
32.153,0,69,91,22465,9070,11712,8279,7013,12087,5985,2257,262|315|356|368|344|308|309|337|347|358|394|433|469|497|484|443|408|397|402|394|386|392|394|378|360|361|372|377,0
32.2,0,69,91,22465,9070,11712,8279,7013,12087,5985,2257,359|327|309|323|331|309|267|232|210|194|186|169|128|76|41|5|-27|-51|-69|-81|-75|-85|-105|-117,0
32.253,0,69,91,22465,9070,11712,8279,7013,12087,5985,2257,-123|-145|-155|-154|-163|-177|-211|-246|-252|-244|-228|-212|-201|-210|-225|-235|-243|-242|-230|-218|-228|-258|-277|-262|-238|-228,0
32.3,0,69,91,22465,9070,11712,8279,7013,12087,5985,2257,-227|-225|-212|-188|-172|-178|-193|-200|-200|-188|-170|-155|-161|-173|-171|-153|-156|-182|-195|-182|-166|-154|-151|-136,0
32.353,0,69,91,22465,9070,11712,8279,7013,12087,5985,2257,-104|-87|-91|-101|-102|-70|-36|-43|-59|-59|-57|-66|-74|-68|-55|-52|-51|-50|-54|-54|-37|-19|-19|-8|23|41|33|23,0
32.4,0,69,91,22465,9070,11712,8279,7013,12087,5985,2257,37|37|20|13|21|16|8|20|22|6|-8|3|25|22|-9|-34|-38|-54|-78|-82|-26|65|108|59|-3,0
32.454,0,69,91,22465,9070,11712,8279,7013,12087,5985,2257,-7|25|76|120|136|124|91|52|34|60|112|145|137|108|89|82|77|70|56|58|68|71|81|80|66,0
32.5,0,69,91,22465,9070,11712,8279,7013,12087,5985,2257,68|75|59|28|4|-11|12|59|72|43|20|32|55|58|39|11|-12|-28|-34|-23|-10|3|45|114|154,0
32.554,0,69,91,22465,9070,11712,8279,7013,12087,5985,2257,148|118|90|86|97|76|41|12|-13|-27|-12|5|17|17|17|25|43|51|36|17|17|32|56|69|61|49|33,0
32.6,0,69,91,22465,9070,11712,8279,7013,12087,5985,2257,12|-14|-35|-7|54|93|71|17|-20|6|69|108|115|104|74|48|76|144|177|166|148|132|124|108,0
32.654,0,69,91,22465,9070,11712,8279,7013,12087,5985,2257,76|56|54|57|59|54|54|65|67|51|24|19|37|55|50|33|41|67|57|29|19|26|49|69|51|10|2|22,0
32.701,0,69,91,22465,9070,11712,8279,7013,12087,5985,2257,43|54|51|43|39|22|3|-4|-1|5|5|1|-2|1|-2|-12|-10|12|27|23|10|-1|-5|2,0
32.754,0,69,91,22465,9070,11712,8279,7013,12087,5985,2257,4|5|18|35|42|40|42|45|50|68|88|101|97|80|54|39|41|43|27|-8|-29|-22|-4|-2|-10|-18|-33|-55,0
32.801,0,69,91,22465,9070,11712,8279,7013,12087,5985,2257,-46|-10|9|1|-22|-27|16|71|90|81|67|64|60|49|26|12|6|4|17|20|6|-1|3,0
32.854,0,69,91,22465,9070,11712,8279,7013,12087,5985,2257,17|39|53|50|23|-7|-29|-51|-56|-45|-41|-45|-40|-22|-4|0|-3|6|20|26|25|18|24|50|88|106|89|58,0
32.901,0,69,91,22465,9070,11712,8279,7013,12087,5985,2257,45|53|67|67|52|21|-2|-3|25|55|73|67|38|19|19|18|8|7|18|26,0
32.954,0,69,91,22465,9070,11712,8279,7013,12087,5985,2257,10|5|18|32|42|40|18|4|18|52|75|60|34|24|38|52|41|16|-11|-39|-59|-60|-42|-22|-8|-1|11|34|39|25|6,0
33.001,0,69,91,22465,9070,11712,8279,7013,12087,5985,2257,9|28|33|23|16|0|-8|-11|-12|-13|-25|-38|-38|-26|-13|-5|-2|23|71|98|107|115|124|135,0
33.054,0,69,91,22465,9070,11712,8279,7013,12087,5985,2257,136|116|72|38|34|48|53|34|8|5|22|43|48|22|-2|0|13|9|0|5|11|3|-5|2|33|52|22,0
33.101,0,64,74,196241,90469,1709,19189,41746,19282,16790,7977,-18|-25|1|20|8|-12|-25|-18|23|96|132|108|61|32|19|21|27|26|13|-6|-21|-5|25|43,0
33.155,0,64,74,196241,90469,1709,19189,41746,19282,16790,7977,43|42|50|59|71|74|64|55|57|49|35|24|24|54|89|82|55|44|37|32|29|28|29|35|41|42|39,0
33.201,0,64,74,196241,90469,1709,19189,41746,19282,16790,7977,52|84|97|84|82|88|87|70|56|49|33|33|48|36|27|41|49|43|39|36|7|-22|-36|-36,0
33.255,0,64,74,196241,90469,1709,19189,41746,19282,16790,7977,-23|-8|3|28|61|77|77|77|81|73|60|55|64|53|32|29|45|59|68|75|67|42|33|23|22|35|50,0
33.302,0,64,74,196241,90469,1709,19189,41746,19282,16790,7977,44|44|76|101|89|65|54|64|75|74|56|24|0|-5|1|17|34|37|27|16|3|10|43|54|38,0
33.355,0,64,74,196241,90469,1709,19189,41746,19282,16790,7977,27|34|25|0|-11|6|25|22|-1|-9|-2|16|23|13|2|6|10|-1|-20|-29|-37|-46|-50|-35|1,0
33.402,0,64,74,196241,90469,1709,19189,41746,19282,16790,7977,25|12|-10|-5|12|21|9|-17|-21|-3|3|-14|-34|-23|18|49|51|44|66|87|80|57|50|57|67|70,0
33.455,0,64,74,196241,90469,1709,19189,41746,19282,16790,7977,58|45|33|23|26|34|32|27|37|42|32|34|51|53|42|35|25|25|34|37|28|33|50|67|68|58|51,0
33.502,0,64,74,196241,90469,1709,19189,41746,19282,16790,7977,38|10|-10|-11|-4|6|27|50|64|90|129|138|124|129|160|182|162|121|92|82|66|51|44|48,0
33.558,0,64,74,196241,90469,1709,19189,41746,19282,16790,7977,57|67|69|57|42|34|29|22|7|-9|-35|-50|-35|-11|9|26,0
33.604,0,64,74,196241,90469,1709,19189,41746,19282,16790,7977,40|48|50|48|44|54|64|52|33|32|27|21|21|21|10|3|1|-4|-6|3|19|19|6|-2|3|21|41|48|24|0|1|23|36|41|68|92,0
33.655,0,64,74,196241,90469,1709,19189,41746,19282,16790,7977,91|81|70|56|42|33|23|6|-4|-11|-23|-42|-55|-38|-11|-2|5|11|21|44|67|70|71|80|93|101,0
33.702,0,64,74,196241,90469,1709,19189,41746,19282,16790,7977,83|49|27|34|40|37|36|43|53|66|71|69|65|52|48|43|52|67|65|45|32|16|4|11,0
33.755,0,64,74,196241,90469,1709,19189,41746,19282,16790,7977,22|10|16|38|35|24|42|44|2|-36|-34|-23|-28|-19|40|112|132|116|102|102|98|83|75|71|49|21|18|33,0
33.802,0,64,74,196241,90469,1709,19189,41746,19282,16790,7977,41|65|98|97|51|9|-2|-4|6|9|20|42|64|74|83|60|16|-5|-3|0|-18|-27|-9|16,0
33.855,0,64,74,196241,90469,1709,19189,41746,19282,16790,7977,25|43|65|64|60|80|96|87|75|74|73|71|71|71|68|59|50|35|25|36|42|37|8|-13|-23|-14|0,0
